Compound,Date,Negative,Neutral,Positive,Tweets,Tweets Ago,User
-0.296,Thu Mar 29 20:41:00 +0000 2018,0.099,0.901,0.0,"At a time when men thought women shouldn't speak until they were spoken to, this female artist refused to be silent‚Ä¶ https://t.co/mbaGBW4xMj",0,@BBC
0.0,Thu Mar 29 18:45:08 +0000 2018,0.0,1.0,0.0,"RT @BBCBreakfast: Counting down the hours until you go home for Easter?
üåßüå§üå® Here's your Easter weekend forecast: https://t.co/EXeBCHutS4",1,@BBC
0.0,Thu Mar 29 18:44:20 +0000 2018,0.0,1.0,0.0,RT @bbcrb: Retirement's looking rosy for Hank the police horse! üêéüòÜ https://t.co/xB9kXZeWNE,2,@BBC
0.0,Thu Mar 29 18:44:11 +0000 2018,0.0,1.0,0.0,"RT @BBCNewsbeat: Anthony Joshua faces Joseph Parker in Cardiff on Saturday.
And he's eating a LOT to prepare... üòã üí™ https://t.co/qp6xw04IiC",3,@BBC
0.0,Thu Mar 29 18:43:51 +0000 2018,0.0,1.0,0.0,RT @BBCOne: Anyone else having a 'chilled one'? üêº https://t.co/WRBeDdaK18,4,@BBC
0.4522,Thu Mar 29 18:05:02 +0000 2018,0.109,0.697,0.194,"‚ù§Ô∏è 'That was it I just totally fell in love with art.'

üé∂ How grime changed Ade Adesina's life. https://t.co/eDyh75YBvl",5,@BBC
0.0,Thu Mar 29 17:04:05 +0000 2018,0.0,1.0,0.0,"üç≥ Wanna get the kids cooking this #EasterWeekend? 
Here are 10 recipes to keep them busy in the kitchen.
üëâ‚Ä¶ https://t.co/5xxQNyyRMg",6,@BBC
0.784,Thu Mar 29 16:12:19 +0000 2018,0.0,0.712,0.288,RT @BBCTaster: We've just released a host of amazing new artefacts for the #CivilisationsAR app! Discover history's treasures wherever you‚Ä¶,7,@BBC
-0.3164,Thu Mar 29 16:03:03 +0000 2018,0.534,0.466,0.0,‚úä Plastic protest! https://t.co/9m59wayYH8,8,@BBC
0.0,Thu Mar 29 15:41:25 +0000 2018,0.0,1.0,0.0,"RT @bbcarts: This Picture Wall in Lahore, Pakistan stretches for over 450 metres and is full of mesmerising mosaics https://t.co/ZFhuF7PiQP",9,@BBC
0.0,Thu Mar 29 15:31:22 +0000 2018,0.0,1.0,0.0,RT @bbcwritersroom: #OrdealByInnocence begins on @BBCOne on Easter Sunday 1st April at 9pm and @BBCiPlayer. #Screenwriter @PhelpsieSarah ex‚Ä¶,10,@BBC
0.0,Thu Mar 29 15:26:27 +0000 2018,0.0,1.0,0.0,"RT @bbcideas: Author Lionel Shriver says we project ourselves on to our possessions ‚Äì and that she is her toy donkey, Clippety üòä.

We'd lik‚Ä¶",11,@BBC
0.0,Thu Mar 29 15:24:08 +0000 2018,0.0,1.0,0.0,RT @BBCTwo: Imagine living in this incredible Swiss chalet! üòçüá®üá≠ #TheWorldsMostExtraordinaryHomes https://t.co/NofijuERJg,12,@BBC
0.0,Thu Mar 29 15:04:02 +0000 2018,0.0,1.0,0.0,"üòÇ So, who's going out tonight? https://t.co/u2L4sEKjE2",13,@BBC
0.0,Thu Mar 29 14:21:11 +0000 2018,0.0,1.0,0.0,"üéπüé∂ Why it's never too late to learn an instrument. 
üëâ https://t.co/lbBppX8XlO

#PianoDay https://t.co/x1CegC7iho",14,@BBC
0.0,Thu Mar 29 14:07:48 +0000 2018,0.0,1.0,0.0,RT @bbcpress: Everyone's favourite fox reads out #MeanTweets (if he can get the right app open). For more @RealBasilBrush watch #Generation‚Ä¶,15,@BBC
0.8268,Thu Mar 29 12:31:03 +0000 2018,0.0,0.701,0.299,"Happy birthday to Alfred and Robert! üéà üéâ Britain's two oldest men, born on the same day, have been celebrating turn‚Ä¶ https://t.co/R7GXbEXl3v",16,@BBC
-0.6249,Thu Mar 29 11:00:21 +0000 2018,0.295,0.581,0.124,"This bizarrely cute creature is just the latest species to suffer a social media selfie ban. 
üëâ‚Ä¶ https://t.co/bG9qcXtouW",17,@BBC
0.6908,Thu Mar 29 10:18:02 +0000 2018,0.0,0.769,0.231,"RT @BBCRadio2: Today we say farewell to the brilliant @RealLynnBowles. üò¢
Her sharp wit, warm tones, and encyclopaedic knowledge of the UK's‚Ä¶",18,@BBC
0.784,Thu Mar 29 08:00:12 +0000 2018,0.0,0.655,0.345,üê∂‚ù§Ô∏è Biscuit the robotic pup is helping the elderly cope with conditions like dementia. What a good boy! https://t.co/5vpg6KS031,19,@BBC
0.0,Thu Mar 29 07:27:07 +0000 2018,0.0,1.0,0.0,üëÄüå∏ The world famous cherry blossoms of Japan bring hundreds of thousands of visitors to see them and this year they‚Ä¶ https://t.co/kGMsyZnWzi,20,@BBC
0.0,Thu Mar 29 07:00:10 +0000 2018,0.0,1.0,0.0,"What do you get if you cross a polar bear and a grizzly? 

üêªüòç‚Ä¶ A pizzly! 
#DavidAttenboroughsNaturalCuriosities https://t.co/FwqiMiTd2m",21,@BBC
0.0,Wed Mar 28 18:00:05 +0000 2018,0.0,1.0,0.0,üáÆüá™ This 800-year-old hotel in Ireland is simply incredible.  #AmazingHotels https://t.co/OAKKCsexPW,22,@BBC
0.296,Wed Mar 28 17:00:12 +0000 2018,0.0,0.891,0.109,"üìö 'Words do not live in dictionaries. They live in the mind.'

Hear the only surviving recording of #VirginiaWoolf,‚Ä¶ https://t.co/Puwg8Mve7N",23,@BBC
-0.8225,Wed Mar 28 16:30:00 +0000 2018,0.312,0.688,0.0,The government rates the global outbreak of a deadly flu virus as a major threat to the UK. But how are flu vaccine‚Ä¶ https://t.co/wzMylfDBrP,24,@BBC
0.0,Wed Mar 28 16:00:10 +0000 2018,0.0,1.0,0.0,Slacking off in Dubai. https://t.co/a3oSKIxfSK,25,@BBC
0.7506,Wed Mar 28 15:35:27 +0000 2018,0.0,0.72,0.28,RT @BBCTheOneShow: The fantastic @george_ezra warming up with a quick cuppa after sound check. Join us at 7pm where he‚Äôll be performing liv‚Ä¶,26,@BBC
0.0,Wed Mar 28 13:32:04 +0000 2018,0.0,1.0,0.0,"Two-thirds of drivers say they are ""regularly dazzled"" by oncoming headlights. üöò https://t.co/gwSgpsP6xx https://t.co/i9m9ph8QM1",27,@BBC
-0.3182,Wed Mar 28 12:26:01 +0000 2018,0.113,0.887,0.0,"The Masked Plumber is back. 
And this time, he wants to show you how to unblock a sink trap. https://t.co/t1NIgRpZnO",28,@BBC
0.0,Wed Mar 28 11:50:54 +0000 2018,0.0,1.0,0.0,RT @bbceurovision: We are starting a #Eurovision 2018 group chat. The tea from when @surieofficial met @saaraaalto üëâ https://t.co/c3PuiYT6S‚Ä¶,29,@BBC
0.0,Wed Mar 28 11:49:07 +0000 2018,0.0,1.0,0.0,"RT @BBCR1: ""Last night I did have a very, very large bra, and it was very, very sweaty.""

@JaredLeto lets @Grimmers know about what gets th‚Ä¶",30,@BBC
0.0,Wed Mar 28 11:47:35 +0000 2018,0.0,1.0,0.0,"RT @BBCRadio4: Listen to the first three episodes of The Hitchhiker's Guide to the Galaxy: Hexagonal Phase now.

https://t.co/GdvQZf3ijv

#‚Ä¶",31,@BBC
-0.34,Wed Mar 28 11:47:08 +0000 2018,0.098,0.902,0.0,"RT @bbcworldservice: Do you say fireman or firefighter? The woman in charge of the London Fire Brigade, Dany Cotton, says 'fireman' is sexi‚Ä¶",32,@BBC
0.0,Wed Mar 28 11:45:32 +0000 2018,0.0,1.0,0.0,RT @BBCBreakfast: Take a look at this if you're wondering WHO PAYS for running the new plastic bottle and can deposit scheme: https://t.co/‚Ä¶,33,@BBC
0.0,Wed Mar 28 11:42:34 +0000 2018,0.0,1.0,0.0,RT @BBCNewsround: Some advice from children on what NOT to say to people with an #invisiblecondition https://t.co/mGUj3TWB2J #Dynamo https:‚Ä¶,34,@BBC
0.3182,Wed Mar 28 11:30:09 +0000 2018,0.056,0.837,0.108,‚ôªÔ∏èüëõ People in England will soon have to pay a deposit when they buy drinks bottles and cans in a bid to boost recyc‚Ä¶ https://t.co/qyKBqES5b3,35,@BBC
0.0,Wed Mar 28 11:04:03 +0000 2018,0.0,1.0,0.0,"üò≤ Scientists in Australia have discovered the remains of a mummy in a 2,500-year-old coffin that was previously cla‚Ä¶ https://t.co/2S4q2mDImu",36,@BBC
0.0,Wed Mar 28 10:53:47 +0000 2018,0.0,1.0,0.0,"RT @bbcthree: In our latest doc, we investigate allegations that R Kelly has been training a 14-year-old girl to be one his sex ""pets"" http‚Ä¶",37,@BBC
-0.3612,Wed Mar 28 10:33:03 +0000 2018,0.135,0.865,0.0,Tickling sticks have been placed on statues in Liverpool ahead of Sir Ken Dodd's funeral. https://t.co/pPGGg07ZQi https://t.co/LSwzv5Qipw,38,@BBC
0.0,Wed Mar 28 09:53:41 +0000 2018,0.0,1.0,0.0,üõÅüê§ Are your bathroom toys in-fact DEADLY? üò± https://t.co/YrtMOzTvrb,39,@BBC
0.0,Wed Mar 28 09:14:19 +0000 2018,0.0,1.0,0.0,"RT @bbcarts: Andrew Scott, as Hamlet, performs the opening lines of #Shakespeare's most famous soliloquy. Watch the full production at 9pm,‚Ä¶",40,@BBC
-0.7351,Wed Mar 28 08:00:02 +0000 2018,0.256,0.744,0.0,"‚ù§Ô∏è After seeing her brother's struggles with depression, Luli's on a mission to break the stigma in the black commu‚Ä¶ https://t.co/kl1ak4Gu6w",41,@BBC
-0.25,Wed Mar 28 07:30:05 +0000 2018,0.192,0.692,0.115,"üò§ Feeling moody? 
Your gut bacteria might be to blame...
üëâ https://t.co/2oPWKjf4D2 https://t.co/Xr5MwczfGR",42,@BBC
-0.4588,Wed Mar 28 07:00:02 +0000 2018,0.176,0.824,0.0,"'I made a decision to not be unbelievably busy.'

@Meshel_Laurie on beating busyness with Buddhism. https://t.co/7ynSgadRyq",43,@BBC
0.0,Tue Mar 27 18:30:07 +0000 2018,0.0,1.0,0.0,"When mother Marie mysteriously leaves the family home, the repercussions are enormous.

#ComeHome | 9pm | @BBCOne |‚Ä¶ https://t.co/S4JgnzQlAx",44,@BBC
0.2942,Tue Mar 27 18:00:08 +0000 2018,0.0,0.872,0.128,"üá©üá™üòÇ Even if you don't speak German, this is worth watching until the end! 
#LiveAtTheApollo https://t.co/J3l8oToRbk",45,@BBC
0.0,Tue Mar 27 17:00:07 +0000 2018,0.0,1.0,0.0,"üçú We've got oodles of noodles with recipes for pad Thai, chow mein, ramen, pho and stir-fries.
üëâ‚Ä¶ https://t.co/JWfrcIhn2X",46,@BBC
0.0,Tue Mar 27 16:00:15 +0000 2018,0.0,1.0,0.0,üò¨ What does Facebook know about you? https://t.co/lG4ffeCG09,47,@BBC
0.6114,Tue Mar 27 15:40:40 +0000 2018,0.0,0.75,0.25,RT @BBCTwo: Happy #WorldTheatreDay! *leaves this here and runs away* @SaraPascoe üé≠üòÇ https://t.co/3XlEb5gr15,48,@BBC
0.0,Tue Mar 27 15:38:26 +0000 2018,0.0,1.0,0.0,"RT @BBCScotland: Meet the master of the radiator harp

@DaftLimmy returns to BBC Scotland on Thursday 5 April. https://t.co/G7mjFEJx6k",49,@BBC
-0.3064,Tue Mar 27 15:36:22 +0000 2018,0.134,0.866,0.0,RT @bbcthree: 12-year-old Keilan has very severe curvature of the spine. He needs surgery ASAP but the 5 hour operation could leave him par‚Ä¶,50,@BBC
0.0,Tue Mar 27 15:33:24 +0000 2018,0.0,1.0,0.0,"RT @bbccomedy: Cathy, master of shade. #Mum https://t.co/VjC2ttkaNF",51,@BBC
0.0,Tue Mar 27 15:26:23 +0000 2018,0.0,1.0,0.0,"RT @BBCR1: (‚Ä¢_‚Ä¢)
&lt;)   )‚ïØwho
 /    \ 

  (‚Ä¢_‚Ä¢)
 \(   (&gt; bit
  /    \

 (‚Ä¢_‚Ä¢)
&lt;)   )‚ïØBeyonc√©? 
 /    \ 

https://t.co/7hQd9mcKUY",52,@BBC
-0.5994,Tue Mar 27 14:30:37 +0000 2018,0.14,0.86,0.0,"RT @BBCWorld: It's 50 years since the death of Yuri Gagarin, the Russian cosmonaut who was the first man to travel into space üë®‚ÄçüöÄ https://t‚Ä¶",53,@BBC
0.0,Tue Mar 27 13:33:01 +0000 2018,0.0,1.0,0.0,‚ù§Ô∏è The first polar bear cub to be born in the UK for 25 years has been filmed adapting to its surroundings. https://t.co/EsxbH18cN5,54,@BBC
0.0,Tue Mar 27 12:00:08 +0000 2018,0.0,1.0,0.0,The ancient Greeks thought a life of ‚Äòconstant leisure‚Äô was the highest life you could live. https://t.co/sascCq8iks,55,@BBC
0.0,Tue Mar 27 11:05:06 +0000 2018,0.0,1.0,0.0,"There's over 50 classic cookery shows being served up on @BBCiPlayer this #EasterWeekend. 
üëâ https://t.co/CKECZMGmx8 https://t.co/j3RfAYQvTI",56,@BBC
0.25,Tue Mar 27 11:00:06 +0000 2018,0.0,0.875,0.125,"üé≠ @MargotRobbie is planning a new TV series, which will give Shakespeare plays a 'female perspective'.
üëâ‚Ä¶ https://t.co/pTLXfve0ds",57,@BBC
0.0,Tue Mar 27 09:52:08 +0000 2018,0.0,1.0,0.0,"üöÄüåé 'Mad' Mike Hughes flew his home-made rocket to try and 'prove' the earth is flat. 

üö® SPOILER: it's not.  https://t.co/f5oNRItwyq",58,@BBC
0.0,Tue Mar 27 09:40:22 +0000 2018,0.0,1.0,0.0,"RT @BBCTwo: Now we've got our country back... what actually is it? ü§î

#CunkOnBritain starts Tuesday 3 April, 10pm, @BBCTwo. @missdianemorga‚Ä¶",59,@BBC
0.4019,Tue Mar 27 09:39:23 +0000 2018,0.0,0.876,0.124,RT @BBCBreakfast: A team of abseilers have been roped in to give Cheddar Gorge in Somerset an extreme spring clean. https://t.co/iYmkiizeRi,60,@BBC
0.0,Tue Mar 27 09:38:59 +0000 2018,0.0,1.0,0.0,"RT @BBCR1: We can't get enough of @george_ezra's Live Lounge üòç

Watch him perform 'Paradise' and cover 'These Days' right here üëâhttps://t.c‚Ä¶",61,@BBC
0.5994,Tue Mar 27 09:36:48 +0000 2018,0.0,0.843,0.157,"RT @bbcgetinspired: Check out @JesseLingard and some of his @PremierLeague mates showing us their super moves. üï∫üèª 

Show us yours with #sup‚Ä¶",62,@BBC
0.0,Tue Mar 27 08:00:04 +0000 2018,0.0,1.0,0.0,"When this woman visited an uninhabited Caribbean island, the last thing she expected was to find it covered in plas‚Ä¶ https://t.co/cpKW9tl61v",63,@BBC
0.0,Tue Mar 27 07:30:04 +0000 2018,0.0,1.0,0.0,"About 700,000 people in the UK are on the autism spectrum, with five times as many males as females being diagnosed‚Ä¶ https://t.co/PXJMuG76Tn",64,@BBC
-0.4588,Tue Mar 27 07:00:08 +0000 2018,0.124,0.827,0.049,"The number of children living in relative poverty in the UK has risen to 4.1m. 

This is the story of Tyler, one of‚Ä¶ https://t.co/xFtEAjBTXC",65,@BBC
-0.6249,Mon Mar 26 19:03:02 +0000 2018,0.194,0.806,0.0,"Filmed in Nottingham during the worst winter for the NHS on record, groundbreaking series #Hospital returns tonight‚Ä¶ https://t.co/PVSIcvCGc9",66,@BBC
0.7783,Mon Mar 26 18:24:04 +0000 2018,0.0,0.688,0.312,"Tonight, George Alagiah explores the fascinating history of Queen Elizabeth II and her beloved Commonwealth. 

The‚Ä¶ https://t.co/xXer4FRyTq",67,@BBC
0.0,Mon Mar 26 17:30:04 +0000 2018,0.0,1.0,0.0,üê∂üòÇ It was a Dachsh(und) to the finish line. https://t.co/7VvkU5GfUg,68,@BBC
0.5859,Mon Mar 26 16:25:02 +0000 2018,0.0,0.787,0.213,"‚úàÔ∏è Joy and Mary flew WW2 planes before any navigation system was installed.
#RAFat100 https://t.co/yxNMblfTEf",69,@BBC
-0.3818,Mon Mar 26 15:45:04 +0000 2018,0.161,0.744,0.095,"Tom Cruise stars in a remake of the 1953 adaptation of HG Wells‚Äôs classic novel. üçø

War of the Worlds | @BBCiPlayer‚Ä¶ https://t.co/h19JvTlFSA",70,@BBC
0.0,Mon Mar 26 15:11:57 +0000 2018,0.0,1.0,0.0,"In her role as head of the Commonwealth, the Queen embarked on her first tour of the nations in 1953.

But by 1970‚Ä¶ https://t.co/Av61bahNZF",71,@BBC
0.0,Mon Mar 26 12:58:02 +0000 2018,0.0,1.0,0.0,"Never let a squirrel nibble your nobble... üéàüêøüò±
https://t.co/cHm9m6At3m",72,@BBC
0.4404,Mon Mar 26 11:48:03 +0000 2018,0.0,0.828,0.172,Apple wants to introduce new emojis to better represent people with disabilities. ‚ù§Ô∏èÔ∏è https://t.co/CcJfojmtTa https://t.co/ZRdEhVPMEm,73,@BBC
-0.5106,Mon Mar 26 11:00:05 +0000 2018,0.163,0.837,0.0,"A crack that opened up in Kenya‚Äôs Rift Valley, damaging a section of the Narok-Nairobi highway, is still growing... https://t.co/T5YocDauYj",74,@BBC
-0.128,Mon Mar 26 10:00:07 +0000 2018,0.07,0.93,0.0,"From hot cross bun gin to Creme Egg Yorkshire pudding, this year‚Äôs Easter treats are bigger, weirder and more decad‚Ä¶ https://t.co/HvDJmgcB5q",75,@BBC
0.4588,Mon Mar 26 09:35:06 +0000 2018,0.0,0.864,0.136,RT @bbcpress: Sue Perkins will return to host the 2018 #BAFTA TV awards on Sunday 13 May on @BBCOne. https://t.co/pieSWNAGbH,76,@BBC
0.3182,Mon Mar 26 09:33:01 +0000 2018,0.0,0.753,0.247,"üòÇ @BillBailey is NOT a fan of taramasalata. #Room101 

https://t.co/soAAz27c0C",77,@BBC
0.0,Mon Mar 26 09:04:01 +0000 2018,0.0,1.0,0.0,"The kiwi bird's egg is so large, it takes almost ten days to lay! üê¶ü•öüò≥  #DavidAttenboroughsNaturalCuriosities
https://t.co/AkZqK9vzZZ",78,@BBC
0.5819,Mon Mar 26 08:29:04 +0000 2018,0.0,0.818,0.182,"ü§îWhy do so many celebrities decide to enter politics?

Some have done so more successfully than others...‚Ä¶ https://t.co/MkEDpSeLMJ",79,@BBC
0.2263,Mon Mar 26 07:30:10 +0000 2018,0.09,0.749,0.161,"Wishing you could get out of bed just that little bit earlier? üò¥

If you need some motivation to set that alarm, he‚Ä¶ https://t.co/zsisa2oA4s",80,@BBC
0.128,Sun Mar 25 19:44:01 +0000 2018,0.077,0.821,0.101,"Could this be an answer to global water shortages? üèúüíß This machine creates water out of thin air. 

https://t.co/caz4nXMJg5",81,@BBC
-0.7506,Sun Mar 25 19:15:06 +0000 2018,0.286,0.714,0.0,"Tonight, @regyates meets people whose lives have been devastated by the Grenfell fire. 

Reggie Yates: Searching fo‚Ä¶ https://t.co/HPgtcZuHte",82,@BBC
0.5719,Sun Mar 25 18:40:04 +0000 2018,0.0,0.837,0.163,"Tonight, @mcgregor_ewan and @McgColin celebrate the centenary of the Royal Air Force. 

RAF at 100 with Ewan and Co‚Ä¶ https://t.co/nF2iwBP51b",83,@BBC
0.0,Sun Mar 25 18:13:03 +0000 2018,0.0,1.0,0.0,The first ever statue of David Bowie has been unveiled in the town where he debuted Ziggy Stardust. ‚ö°Ô∏è‚Ä¶ https://t.co/lFgROYVkv1,84,@BBC
0.5267,Sun Mar 25 17:30:07 +0000 2018,0.0,0.815,0.185,"When you're enjoying being single and people just can't deal with it. üôÑüòÇ @kathbum #LiveAtTheApollo 

https://t.co/byHMHWyhPq",85,@BBC
0.4588,Sun Mar 25 15:03:03 +0000 2018,0.0,0.833,0.167,"üá∫üá∏üèùüá¨üáß Welcome to Tangier Island, the tiny US island where people speak with a British accent.‚Ä¶ https://t.co/1RoM285gRJ",86,@BBC
0.0,Sun Mar 25 14:30:02 +0000 2018,0.0,1.0,0.0,"üí¨ We could listen to him speak all day. 

üìΩ Sir David Attenborough's voice was just as iconic in the 60s as it is t‚Ä¶ https://t.co/zYi3oK5C13",87,@BBC
0.1779,Sun Mar 25 14:09:03 +0000 2018,0.0,0.909,0.091,"Predictions suggest a build-up of about 80,000 tonnes of plastic in the Pacific Ocean is growing rapidly. ‚ôªÔ∏èüåäüíî‚Ä¶ https://t.co/uKD9BQWmUi",88,@BBC
0.5574,Sun Mar 25 13:03:04 +0000 2018,0.0,0.816,0.184,"üëΩ‚ú®üõ∏ @prattprattpratt stars as a happy-go-lucky hero who joins forces with an unlikely group of aliens. 

Guardians‚Ä¶ https://t.co/B9W7kRZ1Qz",89,@BBC
0.0,Sun Mar 25 12:03:02 +0000 2018,0.0,1.0,0.0,"Weighing just 100g, a newborn panda is one 900th the size of its mum! üêºüíï #DavidAttenboroughsNaturalCuriosities https://t.co/nKLQh03DJs",90,@BBC
0.0,Sun Mar 25 10:30:04 +0000 2018,0.0,1.0,0.0,üêüMeet SoFi - the soft robot fish developed by MIT to swim among real fish in coral reefs and around the ocean to he‚Ä¶ https://t.co/HDa7q7WsHf,91,@BBC
-0.3612,Sun Mar 25 09:30:15 +0000 2018,0.161,0.839,0.0,"Ever wondered what made you feel moody? It might be your gut.

üëâ https://t.co/l8oMv5gPN2 https://t.co/vq2yhtBOAn",92,@BBC
0.5719,Sun Mar 25 08:43:31 +0000 2018,0.0,0.764,0.236,"RT @BBCScotland: Up your brunch game with perfect poached eggs.

via @bbcthesocial https://t.co/1imXNeOZ9d",93,@BBC
-0.4019,Sun Mar 25 08:43:26 +0000 2018,0.101,0.899,0.0,"RT @bbcweather: #Winter may not be done with us yet, as colder continental air fights back against milder maritime air across the UK this w‚Ä¶",94,@BBC
0.0,Sun Mar 25 08:43:22 +0000 2018,0.0,1.0,0.0,RT @BBCSport: A simply astonishing confession from Australia captain Steve Smith and batsman Cameron Bancroft üò≥ https://t.co/YaE7fBZamq,95,@BBC
-0.25,Sun Mar 25 08:00:12 +0000 2018,0.153,0.743,0.104,A woman who drinks 30 cans a day says her addiction to energy drinks is worse than gambling.‚Ä¶ https://t.co/d11ATW0F0f,96,@BBC
0.0,Sun Mar 25 07:34:02 +0000 2018,0.0,1.0,0.0,You learn something new every day. Here's how to poo a baby jaguar. ü§∑üí©#BigCatsAboutTheHouse https://t.co/Eg5rF1414b,97,@BBC
-0.4215,Sun Mar 25 07:02:00 +0000 2018,0.141,0.859,0.0,When the clocks have gone forward but there's no way you're getting out of bed yet. üôÖ‚Äç‚ôÇÔ∏è‚è∞#DaylightSavings https://t.co/cHBPV3ITsQ,98,@BBC
-0.3818,Sat Mar 24 20:34:01 +0000 2018,0.115,0.885,0.0,"""I still see people screaming for help.""

This Sunday at 9pm on @BBCTwo, @REGYATES meets the people whose lives wer‚Ä¶ https://t.co/RS16yXF17H",99,@BBC
0.0,Thu Mar 29 17:32:40 +0000 2018,0.0,1.0,0.0,"Expect epic performances by @kanebrown , @kelly_clarkson, @OfficialJackson, and more at this year's 53rd #ACMawards‚Ä¶ https://t.co/3yso7Z0cjv",0,@CBS
0.0,Thu Mar 29 17:30:02 +0000 2018,0.0,1.0,0.0,"Will @HIGHVALLEY, @LancoMusic, @LOCASHmusic, @MidlandOfficial, or @runawayjune be named New Vocal Duo Or Group Of T‚Ä¶ https://t.co/v0QIPLC47R",1,@CBS
0.3818,Tue Mar 27 21:00:01 +0000 2018,0.108,0.68,0.212,Count on Entertainer Of The Year nominee @LukeBryanOnline to crash the party with an epic performance at the 53rd‚Ä¶ https://t.co/27ua60HTqu,2,@CBS
0.296,Tue Mar 27 17:00:00 +0000 2018,0.0,0.901,0.099,Join @eltonofficial and some of today's hottest names in music when they take the stage to perform his most memorab‚Ä¶ https://t.co/jz0jaShZIj,3,@CBS
0.508,Mon Mar 26 22:14:25 +0000 2018,0.0,0.88,0.12,"RT @ACMawards: The ACM for New Vocal Group of the Year goes to @MidlandOfficial! And yes, that really was @Reba on the phone! #ACMawards ht‚Ä¶",4,@CBS
0.0,Mon Mar 26 20:42:48 +0000 2018,0.0,1.0,0.0,"RT @ACMawards: In case you didn‚Äôt know, the ACM for New Male Vocalist of the Year goes to @BrettYoungMusic. Check out his reaction when @Re‚Ä¶",5,@CBS
0.7959,Mon Mar 26 16:59:19 +0000 2018,0.0,0.786,0.214,RT @ACMawards: Over the weekend @Reba called the ACM New Artist of the Year winners to let them know they had won! Let‚Äôs just say our New F‚Ä¶,6,@CBS
0.807,Mon Mar 26 16:05:18 +0000 2018,0.0,0.622,0.378,"Congratulations to the 53rd #ACMawards New Artist winners @Lauren_Alaina, @MidlandOfficial, and @BrettYoungMusic! W‚Ä¶ https://t.co/Fr8H4arwGj",7,@CBS
0.0,Sun Mar 25 23:57:34 +0000 2018,0.0,1.0,0.0,New start times in East/Central Time Zones #60Minutes 7:35ET/6:35CT #Instinct  8:35ET/7:35CT #NCISLA 9:35ET/8:35CT‚Ä¶ https://t.co/8W5hAeLrvs,8,@CBS
0.5319,Sun Mar 25 17:15:25 +0000 2018,0.062,0.78,0.157,Don‚Äôt miss a minute of the action. Stream the¬†Elite Eight¬Æ¬†games LIVE today starting at 2PM ET with a FREE trial of‚Ä¶ https://t.co/8NwU8HdiHR,9,@CBS
0.5399,Sat Mar 24 22:46:53 +0000 2018,0.0,0.801,0.199,RT @MomCBS: That's a wrap on the #Mom panel at #PaleyFest! Thanks for following along! https://t.co/we4JgqPt6P,10,@CBS
-0.34,Sat Mar 24 22:46:43 +0000 2018,0.185,0.7,0.115,RT @MomCBS: A fan just commented that #Mom helped bring him out of a deep depression. üíúüíúüíú #PaleyFest,11,@CBS
0.7003,Sat Mar 24 22:25:03 +0000 2018,0.0,0.791,0.209,"RT @MomCBS: ""Go out for it anyway. If you're good for the role, you're good for the role."" @theJaimePressly's advice for aspiring actors wi‚Ä¶",12,@CBS
0.0,Sat Mar 24 22:21:37 +0000 2018,0.0,1.0,0.0,RT @MomCBS: Mom Co-Creator @GemmaRBaker just pointed out her own #Mom in the audience at #PaleyFest! üíú,13,@CBS
0.0,Sat Mar 24 22:21:34 +0000 2018,0.0,1.0,0.0,"RT @MomCBS: ""I'm not someone in recovery who goes to AA, but I have taken so much away from it...to take one day at a time."" - @theJaimePre‚Ä¶",14,@CBS
0.7184,Sat Mar 24 22:21:26 +0000 2018,0.0,0.667,0.333,"RT @MomCBS: ""You get to appreciate working with such talented people."" - @AnnaKFaris #Mom #PaleyFest",15,@CBS
0.9451,Sat Mar 24 22:21:23 +0000 2018,0.0,0.58,0.42,RT @MomCBS: ‚ÄúI love this job. I love working with these women. I love working in front of the live audience‚Ä¶ It‚Äôs alive and it‚Äôs fun.‚Äù - @A‚Ä¶,16,@CBS
0.0,Sat Mar 24 20:00:02 +0000 2018,0.0,1.0,0.0,"Get on your feet for @Jason_Aldean, @ThomasRhett, @ChrisStapleton, @KeithUrban, and @ChrisYoungMusic, the five nomi‚Ä¶ https://t.co/oT5ogjdj4x",17,@CBS
0.6996,Fri Mar 23 22:33:52 +0000 2018,0.0,0.806,0.194,Get ready for some sweet games! Stream #5 Clemson vs #1 Kansas LIVE at 7PM ET and #11 Syracuse vs #2 Duke LIVE at 9‚Ä¶ https://t.co/4WstgrKNnW,18,@CBS
0.4939,Fri Mar 23 22:33:04 +0000 2018,0.0,0.686,0.314,RT @SEALTeamCBS: In honor of #NationalPuppyDay... üòç #SEALTeam https://t.co/4mIZPpiRlU,19,@CBS
0.8997,Fri Mar 23 22:32:48 +0000 2018,0.0,0.645,0.355,"RT @HawaiiFive0CBS: Nothing like a man and his dog! üòçüê∂ Happy #NationalPuppyDay to Eddie, the best pup on the Five-0 Task Force! #H50 https:‚Ä¶",20,@CBS
0.0,Thu Mar 22 22:10:29 +0000 2018,0.0,1.0,0.0,Game on! 16 teams left and the race to the finish continues tonight. Stream #11 Loyola-Chicago vs #7 Nevada LIVE at‚Ä¶ https://t.co/W374rmzzoC,21,@CBS
0.7081,Thu Mar 22 20:52:02 +0000 2018,0.066,0.623,0.311,Save the date! These are season finales you do NOT want to miss. RT if you're excited! https://t.co/UUQoWsPPSh https://t.co/cDl4WmxMtU,22,@CBS
0.636,Thu Mar 22 00:23:38 +0000 2018,0.0,0.802,0.198,Congratulations to all of the @CBSDaytime nominees for the #DaytimeEmmys! See the full list of #DaytimeEmmy nominee‚Ä¶ https://t.co/ivJVJWvfsf,23,@CBS
0.0,Wed Mar 21 18:00:01 +0000 2018,0.0,1.0,0.0,Female Vocalist Of The Year nominee @MarenMorris will show her fans how it‚Äôs done when she takes the stage to showc‚Ä¶ https://t.co/PITjmAoFT8,24,@CBS
0.5106,Tue Mar 20 20:00:01 +0000 2018,0.0,0.858,0.142,The legendary @Reba returns to host the 53rd #ACMawards and she‚Äôs proving just how comfortable she is behind the mi‚Ä¶ https://t.co/XPXcSPRXqC,25,@CBS
0.0,Tue Mar 20 17:58:43 +0000 2018,0.0,1.0,0.0,RT @nancyodell: Told my daughter I'd be presenting at @ACMawards again this year. (Woot woot!We both luv country music!)She took this pic o‚Ä¶,26,@CBS
0.5562,Tue Mar 20 16:52:42 +0000 2018,0.0,0.826,0.174,RT @ladyantebellum: Ecstatic to announce we'll be performing at the #ACMawards in Las Vegas again this year! https://t.co/Qfhs94j6FR,27,@CBS
0.0,Tue Mar 20 16:11:00 +0000 2018,0.0,1.0,0.0,"Country superstars @kennychesney, @ladyantebellum, @blakeshelton, and @KeithUrban have just been added to the stell‚Ä¶ https://t.co/bJ4If7MacP",28,@CBS
0.7845,Mon Mar 19 21:02:26 +0000 2018,0.072,0.619,0.309,"RT @YandR_CBS: Forever evolving, Forever inspiring, Forever Young and Restless. ‚ù§Ô∏è Get ready to celebrate 45 years of #YR starting in just‚Ä¶",29,@CBS
0.0,Sun Mar 18 23:44:30 +0000 2018,0.0,1.0,0.0,New start times in East/Central Time Zones: #60Minutes 7:37ET/6:37CT #Instinct series premiere 8:37ET/7:37CT‚Ä¶ https://t.co/xT3YKqmu2M,30,@CBS
0.6514,Sun Mar 18 18:05:43 +0000 2018,0.0,0.787,0.213,Spend your Sunday streaming Second Round games LIVE with a FREE trial of CBS All Access! https://t.co/3P85rXLy4b https://t.co/zbWfirD9Ju,31,@CBS
0.1867,Sun Mar 18 17:09:53 +0000 2018,0.0,0.92,0.08,"RT @instinctcbs: TONIGHT, Dr. Dylan Reinhart rewrites the book on abnormal behavior. Don't miss the premiere of #Instinct at 8/7c! https://‚Ä¶",32,@CBS
0.0,Sat Mar 17 19:00:02 +0000 2018,0.0,1.0,0.0,"If any duo knows how to rock the stage, it's @FLAGALine. The Vocal Duo Of The Year nominee will perform live at the‚Ä¶ https://t.co/FknabB8NQp",33,@CBS
0.6166,Sat Mar 17 17:42:43 +0000 2018,0.0,0.839,0.161,How is your bracket looking after last night? Stream Second Round games LIVE today with a FREE trial of CBS All Acc‚Ä¶ https://t.co/25JlIpgwog,34,@CBS
0.7096,Sat Mar 17 14:00:03 +0000 2018,0.0,0.753,0.247,Where better to spend #StPatricksDay than the place everybody knows your name? It‚Äôs just your luck that every singl‚Ä¶ https://t.co/Fom5wmdENL,35,@CBS
0.296,Fri Mar 16 22:53:21 +0000 2018,0.0,0.896,0.104,Stars @JakeMcDorman and Nik Dodani will join the cast in the upcoming revival of Murphy Brown coming to CBS.‚Ä¶ https://t.co/JCAx29lo0i,36,@CBS
0.0,Fri Mar 16 18:15:53 +0000 2018,0.0,1.0,0.0,"RT @thegoodfight: Go behind the scenes with costume designer @DanLawsonStyle in ""Behind The Style,"" a new weekly video series all about the‚Ä¶",37,@CBS
0.6514,Fri Mar 16 16:28:40 +0000 2018,0.0,0.822,0.178,The games have just begun! Continue to stream First Round games LIVE today with a FREE trial of CBS All Access:‚Ä¶ https://t.co/YTGsJ48zYP,38,@CBS
0.7088,Thu Mar 15 17:54:06 +0000 2018,0.0,0.763,0.237,"RT @TheTalkCBS: You asked, we answered! The fun never ends when the ladies #KeepTalking and answer your fan questions üó£üí¨‚û°Ô∏è https://t.co/ie1‚Ä¶",39,@CBS
-0.4939,Thu Mar 15 17:20:26 +0000 2018,0.157,0.766,0.077,RT @instinctcbs: Dr. Dylan Reinhart is lured back into the field from his life of quiet academia when a certain serial killer makes things‚Ä¶,40,@CBS
0.6514,Thu Mar 15 16:42:41 +0000 2018,0.0,0.806,0.194,Stream First Round games LIVE today starting at 12PM ET with a FREE trial of CBS All Access! https://t.co/3P85rXLy4b https://t.co/vZow3YD8cb,41,@CBS
0.6115,Thu Mar 15 14:32:16 +0000 2018,0.0,0.734,0.266,RT @CBSSports: It's the most wonderful time of the year. #MarchMadness https://t.co/e4c9qohqSR,42,@CBS
0.6696,Wed Mar 14 19:30:01 +0000 2018,0.0,0.781,0.219,"Give these ladies some love! @Lauren_Alaina, @DBradbery, @carlypearce, and @RaeLynn are nominated for New Female Vo‚Ä¶ https://t.co/IVhwURfJ3S",43,@CBS
0.3612,Tue Mar 13 18:48:52 +0000 2018,0.0,0.857,0.143,"RT @ManWithAPlan: Hungry for more #ManWithAPlan bloopers and behind-the-scenes videos featuring cast like @matt_leblanc, @thelizasnyder, @k‚Ä¶",44,@CBS
0.539,Tue Mar 13 14:15:10 +0000 2018,0.0,0.821,0.179,"Music stars @MileyCyrus, @edsheeran, @ladygaga, and more will honor the legendary @eltonofficial and his hit songs‚Ä¶ https://t.co/UzxARCCLnI",45,@CBS
0.2244,Mon Mar 12 18:13:28 +0000 2018,0.0,0.917,0.083,RT @thegoodfight: The verdict is in. The new season of #TheGoodFight is üî•üî•üî•! Stream it now on CBS All Access: https://t.co/FkYSNSXlRb https‚Ä¶,46,@CBS
0.0,Mon Mar 12 01:20:43 +0000 2018,0.0,1.0,0.0,"RT @MadamSecretary: In less than an hour, #MadamSecretary's Keith Carradine will be taking over the @MadamSecretary Twitter page! Tweet alo‚Ä¶",47,@CBS
0.4926,Fri Mar 09 22:48:26 +0000 2018,0.0,0.883,0.117,RT @DierksBentley: Take and post a photo of the woman in your life who inspires you daily! Use the hashtag #WomanAmenACM in your post for a‚Ä¶,48,@CBS
0.1275,Fri Mar 09 22:24:20 +0000 2018,0.092,0.795,0.113,"RT @MomCBS: If you missed guest star @KChenoweth in the latest episode of #Mom, not to worry! Watch now: https://t.co/RlvXoGOZ0l https://t.‚Ä¶",49,@CBS
0.4215,Fri Mar 09 21:10:21 +0000 2018,0.0,0.823,0.177,"Give a round of applause to @KelseaBallerini, @MirandaLambert, @Reba, @MarenMorris, and @CarrieUnderwood, the five‚Ä¶ https://t.co/Ncp1BTXx6N",50,@CBS
0.8658,Fri Mar 09 18:27:28 +0000 2018,0.0,0.553,0.447,"RT @thegoodfight: Smart, sexy, and sophisticated. See what's coming this season on #TheGoodFight. https://t.co/CuKhx2G50P https://t.co/ygTI‚Ä¶",51,@CBS
0.0,Fri Mar 09 16:02:27 +0000 2018,0.0,1.0,0.0,RT @BlueBloods_CBS: Even stand-up guys fall down sometimes. #BlueBloods is new tonight at 10/9c! https://t.co/UOlDm22wWW,52,@CBS
0.8625,Thu Mar 08 18:00:49 +0000 2018,0.0,0.664,0.336,Today and every day we celebrate the women in our lives who empower and inspire us. Share a story about an¬†influent‚Ä¶ https://t.co/9rVtqrElvT,53,@CBS
0.4926,Thu Mar 08 17:03:04 +0000 2018,0.0,0.868,0.132,Take and post a photo of the woman in your life who inspires you daily! Use the hashtag #WomanAmenACM in your post‚Ä¶ https://t.co/7ShhvE48zy,54,@CBS
-0.2023,Wed Mar 07 18:39:10 +0000 2018,0.23,0.619,0.15,"RT @thegoodfight: Meticulously constructed. Soapy &amp; sexy. Intoxicating, savage television. üî• Here's what critics are saying about #TheGoodF‚Ä¶",55,@CBS
0.0,Wed Mar 07 17:06:02 +0000 2018,0.0,1.0,0.0,"This just in! @Jason_Aldean, @mirandalambert, @LukeBryanOnline, and many more are set to perform at the 53rd Academ‚Ä¶ https://t.co/mfxw2VxzU4",56,@CBS
0.6705,Tue Mar 06 18:10:59 +0000 2018,0.0,0.756,0.244,"Meet the ensemble of talented actors slated to join $1, a new mystery series coming to CBS All Access:‚Ä¶ https://t.co/QoyYv7vxwg",57,@CBS
0.3818,Mon Mar 05 22:16:43 +0000 2018,0.0,0.833,0.167,"Will @Jason_Aldean, @garthbrooks, @LukeBryanOnline, @ChrisStapleton, or @KeithUrban be named Entertainer Of The Yea‚Ä¶ https://t.co/rMD8zjeX3s",58,@CBS
0.4404,Sun Mar 04 08:05:26 +0000 2018,0.0,0.884,0.116,"RT @thegoodfight: It feels good to be back. üë†üíÑüî• The season 2 premiere of #TheGoodFight is now streaming, exclusively on CBS All Access: htt‚Ä¶",59,@CBS
0.0,Sat Mar 03 20:55:20 +0000 2018,0.0,1.0,0.0,"RT @thegoodfight: Tomorrow, #TheGoodFight is back. Stream the season 2 premiere only on CBS All Access: https://t.co/tNFR8LBJO2 https://t.c‚Ä¶",60,@CBS
0.7096,Fri Mar 02 22:30:01 +0000 2018,0.0,0.753,0.247,"Who are the trailblazing women in your life that inspire you? Join CBS and the ANA's #SeeHer initiative, celebratin‚Ä¶ https://t.co/M0KqZ41Bes",61,@CBS
0.7096,Fri Mar 02 20:30:01 +0000 2018,0.0,0.718,0.282,"Join @maria_bello, @aishatyler and @TeaLeoni in celebrating the accomplishments of women who have contributed to th‚Ä¶ https://t.co/MefESBeFL3",62,@CBS
0.4939,Fri Mar 02 18:45:00 +0000 2018,0.0,0.849,0.151,"In honor of Women's History Month, CBS and the Association of National Advertisers' (ANA) #SeeHer initiative will p‚Ä¶ https://t.co/2wtYxKJVuO",63,@CBS
-0.6981,Thu Mar 01 18:59:01 +0000 2018,0.21,0.79,0.0,RT @ZoeListerJones: Tonight‚Äôs an all new Life In Pieces and it‚Äôs directed by my ride or die @nataliaanderson!!!‚Ä¶ https://t.co/2LPfmyLWrY,64,@CBS
0.4547,Thu Mar 01 18:12:57 +0000 2018,0.092,0.749,0.159,"RT @MarenMorris: Hot damn! Woke up from my post-wisdom teeth haze to find out I‚Äôm up for 4 @ACMawards ! So honored, especially for the Dear‚Ä¶",65,@CBS
0.8591,Thu Mar 01 18:11:50 +0000 2018,0.0,0.462,0.538,RT @KelseaBallerini: Ohhhhh goodness. Incredible. Thank you thank you thank you. #female https://t.co/1ZTYjNfQeF,66,@CBS
0.4885,Thu Mar 01 18:10:50 +0000 2018,0.151,0.615,0.234,RT @KeithUrban: ACMs...... HOLY SMOKES!!!!! MAD LOVE TO U ALL THIS MORNING  FOR THESE INCREDIBLE NOMINATIONS. I‚ÄôM EXTREMELY GRATEFUL!!!!!!!‚Ä¶,67,@CBS
0.5994,Thu Mar 01 14:36:21 +0000 2018,0.0,0.822,0.178,"RT @ACMawards: Congratulations to this year‚Äôs #ACMawards Video of the Year nominees:
‚ÄúBlack‚Äù - @DierksBentley
‚ÄúIt Ain‚Äôt My Fault‚Äù - @Brothe‚Ä¶",68,@CBS
0.7717,Thu Mar 01 14:29:20 +0000 2018,0.0,0.675,0.325,"RT @ACMawards: Please give a round of applause to this year‚Äôs #ACMawards Entertainer of the Year nominees: @Jason_Aldean, @GarthBrooks, @Lu‚Ä¶",69,@CBS
0.6908,Thu Mar 01 14:15:29 +0000 2018,0.0,0.725,0.275,".@ChrisStapleton, @ThomasRhett, @mirandalambert and more are all nominated for awards at Country Music's Party of t‚Ä¶ https://t.co/Vm1vXRUDYJ",70,@CBS
0.0,Thu Mar 01 13:50:11 +0000 2018,0.0,1.0,0.0,"The Queen of Country, @Reba, is returning to host the 53rd #ACMawards on Sunday, April 15 at 8/7c. Here are a few o‚Ä¶ https://t.co/Iqzz6Gql01",71,@CBS
0.0,Thu Mar 01 01:04:52 +0000 2018,0.0,1.0,0.0,RT @survivorcbs: It‚Äôs time! #Survivor https://t.co/YPk6cGWrUA,72,@CBS
0.0,Wed Feb 28 19:56:58 +0000 2018,0.0,1.0,0.0,"RT @CBSThisMorning: TOMORROW: The nominees for the 2018 @ACMawards will be announced live by the one-and-only, @Reba! 

Watch on @CBS in ou‚Ä¶",73,@CBS
0.4404,Wed Feb 28 19:08:30 +0000 2018,0.0,0.884,0.116,"RT @thegoodfight: From the set design and costumes to hair and makeup, the production quality is truly next-level. Take a peek inside the u‚Ä¶",74,@CBS
0.5562,Tue Feb 27 03:23:47 +0000 2018,0.0,0.848,0.152,RT @LivinBiblically: The fun continues on Facebook! The #LivingBiblically cast is live to talk about tonight‚Äôs premiere. Tune in here: http‚Ä¶,75,@CBS
0.0,Mon Feb 26 22:50:32 +0000 2018,0.0,1.0,0.0,"RT @KevinCanWaitCBS: Can you get all the way through these #KevinCanWait bloopers without laughing?! @KevinJames,@LeahRemini and the rest o‚Ä¶",76,@CBS
0.0,Mon Feb 26 21:08:30 +0000 2018,0.0,1.0,0.0,"RT @ACMawards: That‚Äôs right! @Reba is headed to @CBSThisMorning on Thursday, March 1 to announce this year‚Äôs #ACMAwards' nominees. Tune in‚Ä¶",77,@CBS
0.4482,Mon Feb 26 19:53:41 +0000 2018,0.0,0.895,0.105,"RT @ScorpionCBS: You can't hack your way to a 197 IQ, but you are well on your way with these Genius Facts from #TeamScorpion! üíª You can be‚Ä¶",78,@CBS
0.784,Mon Feb 26 18:32:36 +0000 2018,0.0,0.734,0.266,RT @SuperiorDonuts: You can always count on @DavidKoechner for a laugh! Did your favorite Tush moment make the list? Catch a new #SuperiorD‚Ä¶,79,@CBS
0.9359,Mon Feb 26 18:20:16 +0000 2018,0.0,0.571,0.429,RT @TheTalkCBS: TODAY: We loved them together then &amp; we love seeing them together now! Welcome back to the show @THESaraGilbert‚Äã's good fri‚Ä¶,80,@CBS
-0.5423,Mon Feb 26 16:53:56 +0000 2018,0.184,0.816,0.0,"RT @thegoodfight: As foundations begin to crumble, our characters struggle to make sense of this new dystopian world. The cast teases what'‚Ä¶",81,@CBS
0.0,Mon Feb 26 16:52:01 +0000 2018,0.0,1.0,0.0,"#LivingBiblically's @linzkraft and @jrfergjr appeared on @KCBS's Facebook Live this morning, talking all about what‚Ä¶ https://t.co/4RebcHuuMQ",82,@CBS
0.0,Mon Feb 26 16:17:55 +0000 2018,0.0,1.0,0.0,"RT @CBSSports: Introducing CBS Sports HQ, a New 24/7 Direct-to-Consumer Streaming Network for Sports News, Highlights, &amp; Analysis.

Stream‚Ä¶",83,@CBS
0.7644,Mon Feb 26 01:12:32 +0000 2018,0.0,0.769,0.231,"RT @CBSBigBrother: It‚Äôs down to the final 5 celebrity Houseguests, and anyone could take home the grand prize! Tune in NOW to watch the #BB‚Ä¶",84,@CBS
0.0,Sun Feb 25 21:51:32 +0000 2018,0.0,1.0,0.0,RT @startrekcbs: Binge the entire first season of #StarTrekDiscovery. All episodes now streaming exclusively on CBS All Access: https://t.c‚Ä¶,85,@CBS
0.0,Sun Feb 25 21:51:22 +0000 2018,0.0,1.0,0.0,"RT @thegoodfight: #TheGoodFight returns in 1 week. Season 2 premieres Sunday, March 4. https://t.co/nomCao1GWp https://t.co/BOn6bOe9Tb",86,@CBS
0.5093,Fri Feb 23 18:15:40 +0000 2018,0.0,0.845,0.155,RT @thegoodfight: This is our new favorite thing. Christine Baranski debuted #TheGoodFight the Musical on @colbertlateshow last night! üéµüé§‚Ä¶,87,@CBS
0.0,Thu Feb 22 19:26:52 +0000 2018,0.0,1.0,0.0,"RT @LivinBiblically: Confession time: have YOU ever hit the ""close door"" button in an elevator while somebody was approaching? The cast of‚Ä¶",88,@CBS
0.0,Wed Feb 21 19:20:04 +0000 2018,0.0,1.0,0.0,RT @CBSEyeSpeak: Mark your calendars! #CBSEyeSpeak kicks off March 14 with The EYE Speak Summit. Follow our page for more details! https://‚Ä¶,89,@CBS
0.6808,Wed Feb 21 18:19:25 +0000 2018,0.0,0.752,0.248,"RT @CBSEyeSpeak: Proud to announce a new CBS initiative, promoting female empowerment and developing the next generation of leaders through‚Ä¶",90,@CBS
0.4404,Tue Feb 20 19:55:19 +0000 2018,0.0,0.884,0.116,"RT @LivinBiblically: When you're living by the Bible, it's good to have a priest and a rabbi on call (provided they answer their phones, th‚Ä¶",91,@CBS
-0.4019,Tue Feb 20 17:58:18 +0000 2018,0.119,0.881,0.0,"RT @thegoodfight: Chicago lawyers are being hunted and the world is going insane. 

The new season of #TheGoodFight premieres Sunday, March‚Ä¶",92,@CBS
0.3612,Tue Feb 20 17:39:51 +0000 2018,0.0,0.872,0.128,Ready for some larger than life competition? This new series from @MarkBurnettTV will premiere in summer 2018.‚Ä¶ https://t.co/gDXHLdIJ5v,93,@CBS
0.6124,Sat Feb 17 01:07:20 +0000 2018,0.0,0.773,0.227,"With tournament dreams on the line, make sure to stream these college basketball matchups on CBS All Access:‚Ä¶ https://t.co/SGkYUZrQWB",94,@CBS
0.3182,Fri Feb 16 18:42:43 +0000 2018,0.0,0.892,0.108,"RT @LivinBiblically: While Chip's sticking to the Bible's original rules, the cast of #LivingBiblically has given them a more modern makeov‚Ä¶",95,@CBS
0.68,Fri Feb 16 17:48:20 +0000 2018,0.0,0.752,0.248,"Casting News! Peter Mark Kendall, Michael Gaston, Greg Wise, Rade ≈†erbed≈æija, Zack Pearlman, and Keye Chen join the‚Ä¶ https://t.co/GFob2KrD8H",96,@CBS
0.8619,Wed Feb 14 19:23:27 +0000 2018,0.0,0.534,0.466,RT @BullCBS: The verdict is in...#Bull is the perfect Valentine! ‚ù§Ô∏è Happy #ValentinesDay! https://t.co/poEejI4AnC,97,@CBS
0.0,Tue Feb 13 20:03:56 +0000 2018,0.0,1.0,0.0,"RT @NoActivityCBS: Car 27 reporting: Season 2 of #NoActivity coming soon!

Binge season one now on CBS All Access: https://t.co/yvxoQMeyhN‚Ä¶",98,@CBS
0.7506,Tue Feb 13 18:54:52 +0000 2018,0.0,0.748,0.252,"RT @LivinBiblically: Against all odds (and the advice of his God Squad), Chip is determined to live life by the Good Book. Think you could‚Ä¶",99,@CBS
-0.2732,Thu Mar 29 21:51:02 +0000 2018,0.143,0.759,0.097,Dining out frequently is known to increase one's intake of unhealthy sugars and fats. But a new study suggests that‚Ä¶ https://t.co/fNHkY718qD,0,@CNN
0.6369,Thu Mar 29 21:46:58 +0000 2018,0.089,0.61,0.301,"This curious cheetah hopped into a car on a safari trip. Thankfully, everyone remained calm, and no one was hurt‚Ä¶ https://t.co/p4A4wHOtoE",1,@CNN
0.0,Thu Mar 29 21:41:05 +0000 2018,0.0,1.0,0.0,"Who is John Huber, the Utah US attorney investigating claims of FBI misconduct? https://t.co/4GXVWq4uCt https://t.co/MPgd7mrZmx",2,@CNN
-0.0258,Thu Mar 29 21:38:37 +0000 2018,0.161,0.683,0.157,"RT @TheLeadCNN: In interview with @jimsciutto, Michael Cohen‚Äôs spokesman says if you want to avoid litigation and protect someone, you pay‚Ä¶",3,@CNN
-0.2023,Thu Mar 29 21:34:45 +0000 2018,0.087,0.913,0.0,"Here are some of iOS 11.3's features you should know about:
- You can turn off the controversial iPhone-slowing fea‚Ä¶ https://t.co/L3LGrzlCcy",4,@CNN
-0.7587,Thu Mar 29 21:28:24 +0000 2018,0.319,0.681,0.0,"US State Dept. spokeswoman Heather Nauert said Moscow ""should not be acting like a victim"" and rejected the Russian‚Ä¶ https://t.co/YAA5AssL3x",5,@CNN
0.0,Thu Mar 29 21:25:05 +0000 2018,0.0,1.0,0.0,"RT @CNNSitRoom: Rep. Swalwell on FBI misconduct investigation: There shouldn‚Äôt even be a minimal investigation, Sessions is trying ‚Äúto appe‚Ä¶",6,@CNN
0.0,Thu Mar 29 21:12:07 +0000 2018,0.0,1.0,0.0,READ: AG Sessions announces prosecutor investigating claims of FBI misconduct https://t.co/4Gm9QxQ6q8 https://t.co/7wQR4kXhJG,7,@CNN
-0.5106,Thu Mar 29 20:59:11 +0000 2018,0.155,0.845,0.0,The prosecutor has been looking into allegations that the FBI abused its powers in surveilling a former Trump campa‚Ä¶ https://t.co/6CuPYqnCSF,8,@CNN
0.2023,Thu Mar 29 20:57:08 +0000 2018,0.0,0.893,0.107,JUST IN: Attorney General Jeff Sessions reveals a top federal prosecutor has been examining Republican-driven accus‚Ä¶ https://t.co/XUBfLFe3DR,9,@CNN
0.5859,Thu Mar 29 20:46:32 +0000 2018,0.0,0.847,0.153,"RT @CNNMoney: Dow jumps 312 points as tech stocks rebound. Despite rally, Dow snaps longest quarterly win streak in 20 years. https://t.co/‚Ä¶",10,@CNN
-0.4585,Thu Mar 29 20:42:10 +0000 2018,0.13,0.87,0.0,"After ousting the VA chief, President Trump says he ""wasn't happy with the speed with which our veterans were taken‚Ä¶ https://t.co/k8NdKx9brz",11,@CNN
0.4939,Thu Mar 29 20:40:33 +0000 2018,0.0,0.878,0.122,"RT @TheLeadCNN: Michael Cohen‚Äôs spokesman on Donald Trump and Stormy Daniels: ‚ÄúI don‚Äôt care what they did 12 years ago, and I don‚Äôt think m‚Ä¶",12,@CNN
0.0,Thu Mar 29 20:36:16 +0000 2018,0.0,1.0,0.0,"Japan revealed it was seeking a summit with North Korean leader Kim Jong Un, as some in Tokyo expressed concern the‚Ä¶ https://t.co/CtRPJUTTN5",13,@CNN
-0.2263,Thu Mar 29 20:27:51 +0000 2018,0.09,0.857,0.053,"If we want to stop Putin, we need to go after his sources of money | By Josh Campbell and Robert Baer via‚Ä¶ https://t.co/4sOAOuxyl2",14,@CNN
0.25,Thu Mar 29 20:24:56 +0000 2018,0.0,0.833,0.167,A legal defense fund site has been set up for former FBI deputy director Andrew McCabe https://t.co/6QN9ZI60gN https://t.co/DEjGP6PotL,15,@CNN
-0.4767,Thu Mar 29 20:12:18 +0000 2018,0.171,0.829,0.0,A new study confirms what parents already know: the inside of a rubber ducky is gross https://t.co/xbRGiesbXr https://t.co/3x4UbdnRO9,16,@CNN
0.25,Thu Mar 29 20:01:03 +0000 2018,0.0,0.833,0.167,A legal defense fund site has been set up for former FBI deputy director Andrew McCabe https://t.co/paHZlMwKmT https://t.co/XFCjtvK8RI,17,@CNN
0.3612,Thu Mar 29 19:53:18 +0000 2018,0.0,0.857,0.143,This hockey player breastfeeds her baby during game breaks -- like a total mom boss https://t.co/bBRuDim6v3 https://t.co/9GcSvlzSzX,18,@CNN
0.5267,Thu Mar 29 19:47:38 +0000 2018,0.0,0.793,0.207,This is what one tragedy-filled month says about race and justice in America https://t.co/MwffOo6Wg9,19,@CNN
0.6486,Thu Mar 29 19:31:10 +0000 2018,0.0,0.588,0.412,Amazon is responsible for a huge chunk of the Trump rally https://t.co/eGbfMXHPjv https://t.co/iYm2Vr2BqD,20,@CNN
0.1531,Thu Mar 29 19:28:00 +0000 2018,0.0,0.918,0.082,"In an emotional court hearing, the judge overseeing Bill Cosby's retrial said his wife's career as a social worker‚Ä¶ https://t.co/bmyr953l3H",21,@CNN
0.6486,Thu Mar 29 19:24:44 +0000 2018,0.0,0.806,0.194,"RT @CNNnewsroom: ""We don't have kings in our society...the President of the United States is just like any other citizen, [he] has to stand‚Ä¶",22,@CNN
0.7269,Thu Mar 29 19:21:06 +0000 2018,0.0,0.766,0.234,"On the campaign trail, Trump pledged to improve veterans' care. But his pick of WH physician Ronny Jackson to be se‚Ä¶ https://t.co/UVJieLuBJ5",23,@CNN
-0.3612,Thu Mar 29 19:16:07 +0000 2018,0.111,0.889,0.0,"A funeral for Stephon Clark, an unarmed 22-year-old who was shot by police, is being held in Sacramento. Rev. Al Sh‚Ä¶ https://t.co/0O6RP6ydF9",24,@CNN
0.2263,Thu Mar 29 19:16:06 +0000 2018,0.0,0.899,0.101,Spotify is about to go public ‚Äî and one analyst thinks it could be worth $43.5 billion https://t.co/YNQAPPKTaq https://t.co/BQExngiPAi,25,@CNN
0.0,Thu Mar 29 19:11:06 +0000 2018,0.0,1.0,0.0,"A court once again orders a new trial for Adnan Syed, the subject of a ""Serial"" podcast https://t.co/pMqJVrL47y https://t.co/WEkWxiJQ2A",26,@CNN
0.0,Thu Mar 29 19:06:04 +0000 2018,0.0,1.0,0.0,A company just donated $29 million in cryptocurrency to cover every single teacher request on a crowdfunding site https://t.co/wMZGghaUIT,27,@CNN
-0.3818,Thu Mar 29 19:01:33 +0000 2018,0.182,0.661,0.157,"""I heard you're actually the devil incarnate and I wanted to meet you,"" Defense Secretary James Mattis joked during‚Ä¶ https://t.co/5tKqyXltIO",28,@CNN
-0.5719,Thu Mar 29 18:56:05 +0000 2018,0.239,0.761,0.0,The Trump administration will no longer seek to automatically release pregnant immigrants from detention -- a move‚Ä¶ https://t.co/U7jsb88Cd9,29,@CNN
0.0,Thu Mar 29 18:54:29 +0000 2018,0.0,1.0,0.0,RT @AC360: CNN‚Äôs @AndersonCooper will moderate a live town hall with former FBI Director @Comey on April 25 https://t.co/TW2Kw739Jp https:/‚Ä¶,30,@CNN
0.0,Thu Mar 29 18:51:03 +0000 2018,0.0,1.0,0.0,"The EPA circulated new talking points that downplay the role of human activity in climate change, instructing staff‚Ä¶ https://t.co/EXQt4ynYbP",31,@CNN
-0.8316,Thu Mar 29 18:46:08 +0000 2018,0.328,0.672,0.0,Spanish police arrested two men on suspicion of smuggling art looted by groups affiliated with ISIS from sites in L‚Ä¶ https://t.co/giUwh017LM,32,@CNN
-0.0258,Thu Mar 29 18:41:06 +0000 2018,0.078,0.922,0.0,President Trump touts border wall funds during an infrastructure speech in Ohio https://t.co/m6YqlklZrR https://t.co/ZwI3WjWQE0,33,@CNN
0.0,Thu Mar 29 18:36:05 +0000 2018,0.0,1.0,0.0,The Trump administration plans to require nearly all visa applicants to the US to submit five years of social media‚Ä¶ https://t.co/tU01a1GTBp,34,@CNN
0.0,Thu Mar 29 18:30:40 +0000 2018,0.0,1.0,0.0,"In his novel's epilogue, Sean Penn seems to defend Louis C.K. and Charlie Rose and compares the #MeToo movement to‚Ä¶ https://t.co/tYZOhoEhbe",35,@CNN
0.1779,Thu Mar 29 18:22:22 +0000 2018,0.172,0.628,0.201,Fox News host Laura Ingraham apologized for a widely derided tweet in which she mocked Parkland survivor David Hogg‚Ä¶ https://t.co/8GCuRlgYNC,36,@CNN
0.0258,Thu Mar 29 18:15:16 +0000 2018,0.096,0.805,0.1,"RT @CNNPolitics: ""My administration is fighting every day to protect and defend and grow American jobs,"" President Trump says at an event i‚Ä¶",37,@CNN
-0.1779,Thu Mar 29 18:12:04 +0000 2018,0.134,0.866,0.0,"Trump is touting his infrastructure plans in in Ohio

Live updates: https://t.co/MzxsHvkBYZ",38,@CNN
-0.3818,Thu Mar 29 18:10:06 +0000 2018,0.12,0.88,0.0,JUST IN: Russia is expelling US diplomats and closing the US consulate in St. Petersburg in retaliation for a simil‚Ä¶ https://t.co/TSoxHWGsvl,39,@CNN
0.6369,Thu Mar 29 18:06:32 +0000 2018,0.0,0.776,0.224,Why Trump pardoning Paul Manafort or Michael Flynn would look at lot like quid pro quo | Analysis by @zbyronwolf https://t.co/b1tCtlV44h,40,@CNN
-0.2732,Thu Mar 29 17:55:44 +0000 2018,0.137,0.773,0.09,Human rights lawyer Amal Clooney has agreed to represent two Reuters journalists who have been jailed in Myanmar an‚Ä¶ https://t.co/FqRiyPhjOc,41,@CNN
-0.296,Thu Mar 29 17:45:10 +0000 2018,0.115,0.885,0.0,A federal judge in California put a temporary stop to efforts by Stormy Daniels' attorney to depose President Trump‚Ä¶ https://t.co/ugThG7o454,42,@CNN
-0.3182,Thu Mar 29 17:30:46 +0000 2018,0.103,0.897,0.0,Kellyanne Conway's husband has begun deleting a series of tweets he posted in the past month that are critical of P‚Ä¶ https://t.co/gmP1P5Dfp2,43,@CNN
0.0516,Thu Mar 29 17:16:16 +0000 2018,0.104,0.783,0.113,"More than 200 retired US diplomats are sounding the alarm about diplomacy under Trump, urging lawmakers to ensure t‚Ä¶ https://t.co/Hkih3hyNSz",44,@CNN
-0.4588,Thu Mar 29 17:04:39 +0000 2018,0.176,0.824,0.0,"Sears CEO Eddie Lampert got a  24% raise last year, despite the company's financial troubles https://t.co/a70k7RcA1v",45,@CNN
-0.4767,Thu Mar 29 16:54:01 +0000 2018,0.171,0.829,0.0,A London orchestra's brass section was so loud a violist says it ruined his hearing. A judge agreed.‚Ä¶ https://t.co/qbFZROl5NV,46,@CNN
0.17,Thu Mar 29 16:39:22 +0000 2018,0.108,0.758,0.134,More than half of Americans think Trump will lose in 2020. But that hasn't doomed past presidents from getting re-e‚Ä¶ https://t.co/OG9iQGYqiF,47,@CNN
0.7096,Thu Mar 29 16:24:23 +0000 2018,0.0,0.781,0.219,Spotify is getting ready to go public. Apple Music is owned by the richest tech company in the world. So where does‚Ä¶ https://t.co/2KI4FyPyEq,48,@CNN
0.4215,Thu Mar 29 16:09:38 +0000 2018,0.0,0.865,0.135,"Johan van Hulst, a former Dutch senator and teacher who saved hundreds of Jewish children during the Holocaust, die‚Ä¶ https://t.co/alA5xV39FW",49,@CNN
0.0,Thu Mar 29 15:59:35 +0000 2018,0.0,1.0,0.0,Several of President Trump's outside advisers have told him over the past week he requires neither a chief of staff‚Ä¶ https://t.co/85L7aHvMx1,50,@CNN
0.0,Thu Mar 29 15:44:56 +0000 2018,0.0,1.0,0.0,"Model Janice Dickinson has been subpoenaed to testify at the retrial of Bill Cosby, according to a source close to‚Ä¶ https://t.co/pQ95dUxvVq",51,@CNN
0.0,Thu Mar 29 15:31:02 +0000 2018,0.0,1.0,0.0,Here are all the questions every candidate should have to answer in 2018 https://t.co/fkdvGkAy5q https://t.co/JoWZTVJwZu,52,@CNN
0.25,Thu Mar 29 15:18:30 +0000 2018,0.0,0.895,0.105,"Sarah Jessica Parker has endorsed her ""Sex and the City"" costar Cynthia Nixon for New York governor‚Ä¶ https://t.co/eJDqKKI8KX",53,@CNN
0.0,Thu Mar 29 15:05:25 +0000 2018,0.0,1.0,0.0,President Trump's plan to fix America's infrastructure by leveraging local and state tax dollars and private invest‚Ä¶ https://t.co/R5G7uzG6DV,54,@CNN
0.3818,Thu Mar 29 14:53:09 +0000 2018,0.0,0.66,0.34,Trump vs. Amazon: Let's set the record straight https://t.co/wLAg12acye,55,@CNN
-0.4404,Thu Mar 29 14:41:28 +0000 2018,0.195,0.805,0.0,"Bumble is now countersuing Tinder's parent company, seeking $400 million in damages https://t.co/wu2oO7WUTH",56,@CNN
0.0,Thu Mar 29 14:29:38 +0000 2018,0.0,1.0,0.0,Are Trump and congressional Republicans really on the rise or is it only a statistical illusion?ÔΩú Analysis by Harry‚Ä¶ https://t.co/0TqcDpOWkj,57,@CNN
0.2732,Thu Mar 29 14:17:41 +0000 2018,0.154,0.648,0.198,The British bank Barclays has agreed to pay the United States $2 billion for allegedly deceiving investors about mo‚Ä¶ https://t.co/pUFKThJhtH,58,@CNN
-0.5267,Thu Mar 29 14:05:00 +0000 2018,0.212,0.707,0.082,"Trump's three-front legal war turns on sex, money and Russia | Analysis by @StCollinson https://t.co/ZoumQWiyBm https://t.co/Zmp55JPXyg",59,@CNN
0.0,Thu Mar 29 13:53:19 +0000 2018,0.0,1.0,0.0,"The ""Sharknado"" movies will end after sixth installment this summer https://t.co/1raeFLUGWR https://t.co/Zqi6BHGQKn",60,@CNN
0.0,Thu Mar 29 13:45:57 +0000 2018,0.0,1.0,0.0,The first case of super-resistant gonorrhea has been reported in the UK https://t.co/K8EfZkuPZn https://t.co/E5B7iheRl1,61,@CNN
0.0,Thu Mar 29 13:38:41 +0000 2018,0.0,1.0,0.0,"Two commercial pilots flying over the Arizona desert claim they saw an unidentified flying object pass overhead, ac‚Ä¶ https://t.co/nzA1botDwo",62,@CNN
0.0,Thu Mar 29 13:31:20 +0000 2018,0.0,1.0,0.0,Donald Trump Jr. hit back at former Florida Governor Jeb Bush on Twitter after Bush's remarks about having children‚Ä¶ https://t.co/pYPYohqrNJ,63,@CNN
0.0,Thu Mar 29 13:29:02 +0000 2018,0.0,1.0,0.0,Correct link: https://t.co/c56GtvSFBD,64,@CNN
0.0,Thu Mar 29 13:20:37 +0000 2018,0.0,1.0,0.0,Sony Pictures Television is co-developing three TV projects -- including a series on an all-female group warriors -‚Ä¶ https://t.co/u5caRQcw7B,65,@CNN
-0.3182,Thu Mar 29 13:10:01 +0000 2018,0.119,0.881,0.0,JUST IN: House Democrats are calling on the FBI to investigate whether Jared Kushner leaked classified information‚Ä¶ https://t.co/SaiUdGB39s,66,@CNN
0.6369,Thu Mar 29 12:56:49 +0000 2018,0.089,0.61,0.301,"This curious cheetah hopped into a car on a safari trip. Thankfully, everyone remained calm, and no one was hurt‚Ä¶ https://t.co/jG7WQxg61Z",67,@CNN
0.6808,Thu Mar 29 12:43:34 +0000 2018,0.0,0.752,0.248,"Evangelical Jerry Falwell Jr. compares his support for President Trump to that of supporters of Bill Clinton, ""who‚Ä¶ https://t.co/7kg7NvllWc",68,@CNN
-0.6124,Thu Mar 29 12:29:32 +0000 2018,0.19,0.81,0.0,Soccer's world governing body FIFA says it's gathering evidence into racist chants directed at French players durin‚Ä¶ https://t.co/ji5jNc3OcV,69,@CNN
0.2732,Thu Mar 29 12:16:30 +0000 2018,0.0,0.877,0.123,"The President called Roseanne Barr, a vocal Trump supporter, after her series premiere received gangbuster ratings‚Ä¶ https://t.co/zZvfjfEYpu",70,@CNN
-0.7783,Thu Mar 29 12:03:36 +0000 2018,0.327,0.673,0.0,"David Shulkin, fired as Veterans Affairs secretary Wednesday, blasted the ""toxic, chaotic, disrespectful and subver‚Ä¶ https://t.co/RTlZPRM1Ty",71,@CNN
0.0,Thu Mar 29 11:51:15 +0000 2018,0.0,1.0,0.0,A judge is expected to rule today whether it's excessive to keep the younger brother of the Parkland school shooter‚Ä¶ https://t.co/zvzTHupjYW,72,@CNN
0.2023,Thu Mar 29 11:39:38 +0000 2018,0.113,0.735,0.152,"Students, parents and friends of the Parkland shooting victims sorted through dozens of hand-written letters, poems‚Ä¶ https://t.co/c291LnnlB1",73,@CNN
-0.8126,Thu Mar 29 11:27:38 +0000 2018,0.331,0.669,0.0,A South African woman who hurled racist slurs at a black police officer has been sentenced to three years in prison  https://t.co/GKJhU0aCcI,74,@CNN
0.0,Thu Mar 29 11:03:17 +0000 2018,0.0,1.0,0.0,This is literally the quietest place on Earth https://t.co/8g7T0e9sSg https://t.co/MIrkgW2g6Y,75,@CNN
-0.3052,Thu Mar 29 10:54:00 +0000 2018,0.13,0.87,0.0,"Why Americans are so obsessed with the British royal family (besides the accents, obviously) https://t.co/apKejmFXSP https://t.co/S2SpEYT6fh",76,@CNN
0.25,Thu Mar 29 10:52:07 +0000 2018,0.0,0.895,0.105,"The Democratic advantage on the generic congressional ballot has tightened to 6 percentage points, a new CNN poll c‚Ä¶ https://t.co/mVmgSpFqpf",77,@CNN
0.0,Thu Mar 29 10:46:01 +0000 2018,0.0,1.0,0.0,"SIDS -- long regarded as an unexplained phenomenon -- may have a genetic basis in some cases, a new study suggests‚Ä¶ https://t.co/BYWperinTu",78,@CNN
0.3384,Thu Mar 29 10:34:52 +0000 2018,0.0,0.888,0.112,This $200 billion solar power project in Saudi Arabia would generate far more energy than any existing solar project https://t.co/SIUG3TYcBE,79,@CNN
-0.4767,Thu Mar 29 10:23:42 +0000 2018,0.134,0.866,0.0,"There are visible, external signs that can indicate if something is wrong with your heart -- check your fingers, ea‚Ä¶ https://t.co/JYQe40u1hp",80,@CNN
0.0,Thu Mar 29 10:12:31 +0000 2018,0.0,1.0,0.0,Here's how to get the most for your money out of a plane ticket https://t.co/Q8FTiE47Xs https://t.co/6l2ypwiDTV,81,@CNN
-0.7461,Thu Mar 29 10:01:06 +0000 2018,0.346,0.654,0.0,There's not a 'snowflake's chance in hell' of repealing the Second Amendment | @CNNPolitics Analysis‚Ä¶ https://t.co/jUoo3b3R2E,82,@CNN
0.3612,Thu Mar 29 09:50:17 +0000 2018,0.0,0.878,0.122,This is what life is like for would-be immigrants to the US from Mexico and Central America https://t.co/jfvm5dYRZc https://t.co/WuacEV8DrL,83,@CNN
-0.296,Thu Mar 29 09:42:02 +0000 2018,0.104,0.896,0.0,"The White House refused to answer if Trump was aware of a $130,000 payment made to porn star Stormy Daniels‚Ä¶ https://t.co/hg3G7BrEBz",84,@CNN
0.5994,Thu Mar 29 09:30:52 +0000 2018,0.0,0.719,0.281,There's more to do in the Caribbean than beautiful beaches https://t.co/Lgj893cMP5,85,@CNN
0.0,Thu Mar 29 09:20:10 +0000 2018,0.0,1.0,0.0,This teen inventor is developing 20-foot air filters to rid cities of pollution https://t.co/8C6Icp7NjP,86,@CNN
0.0772,Thu Mar 29 09:09:33 +0000 2018,0.101,0.783,0.115,"Learn from the Holocaust and stop the massacre in Syria, say Holocaust survivor @EvaMozesKor and human rights activ‚Ä¶ https://t.co/7tZ4OLCfQj",87,@CNN
0.0,Thu Mar 29 08:58:39 +0000 2018,0.0,1.0,0.0,Plastic bottles make up a third of the litter in our oceans https://t.co/bRAerh1o2w,88,@CNN
0.0,Thu Mar 29 08:48:13 +0000 2018,0.0,1.0,0.0,"Ireland, which has some of the strictest abortion laws in the developed world, will vote on whether abortion should‚Ä¶ https://t.co/JXJ3vTlW2U",89,@CNN
0.0,Thu Mar 29 08:37:38 +0000 2018,0.0,1.0,0.0,"A lanyard around her neck held an ID card from the International Organization for Migration.

""I am a refugee from‚Ä¶ https://t.co/dNY589EbX0",90,@CNN
0.0,Thu Mar 29 08:24:44 +0000 2018,0.0,1.0,0.0,"The far right's ""noxious populism"" has seeped into the highest halls of power in Germany | @CNNOpinion https://t.co/w6OYMyIAsk",91,@CNN
0.0,Thu Mar 29 08:14:30 +0000 2018,0.0,1.0,0.0,The first case of super-resistant gonorrhea has been reported in the UK https://t.co/i2Xjjj1QmY https://t.co/z00NIFgHiO,92,@CNN
-0.3182,Thu Mar 29 07:51:06 +0000 2018,0.108,0.892,0.0,So-called stumbling stones -- memorials to victims of the Holocaust -- bring history to life for a new generation o‚Ä¶ https://t.co/lmRncp6va2,93,@CNN
0.0,Thu Mar 29 07:41:04 +0000 2018,0.0,1.0,0.0,Two commercial pilots flying over the Arizona desert claim they saw an unidentified flying object pass overhead https://t.co/AoxqHuBT4h,94,@CNN
0.5719,Thu Mar 29 07:40:05 +0000 2018,0.0,0.709,0.291,Is art for pleasure or politics? https://t.co/Tht9kPmomp via @CNNStyle https://t.co/j216s534ZQ,95,@CNN
-0.765,Thu Mar 29 07:22:05 +0000 2018,0.423,0.577,0.0,Disgraced Aussie cricketers returning home after ball tampering ban https://t.co/aCnN6T0EuB https://t.co/L29OhHuw8Y,96,@CNN
-0.7845,Thu Mar 29 07:15:02 +0000 2018,0.341,0.588,0.071,Major companies are rushing to cut ties with top Australian cricket players who have been banned for cheating https://t.co/tADMGFEDRp,97,@CNN
0.5267,Thu Mar 29 06:55:24 +0000 2018,0.182,0.455,0.364,A 12-year-old boy who survived cancer finally got his wish: a kiss from Pope Francis https://t.co/KaRc60GdZu https://t.co/QUhA0Y7TPB,98,@CNN
-0.5574,Thu Mar 29 06:43:06 +0000 2018,0.146,0.854,0.0,"At least 68 people have died in a blaze that engulfed a jail in the Venezuelan city of Valencia, according to the c‚Ä¶ https://t.co/FVr5jPb0kM",99,@CNN
0.0,Thu Mar 29 21:53:31 +0000 2018,0.0,1.0,0.0,".@kimguilfoyle: ""[Eric Holder is] the only Attorney General in U.S. history to be held in contempt‚Ä¶That is not a wi‚Ä¶ https://t.co/iLBmNqiars",0,@FoxNews
0.128,Thu Mar 29 21:47:33 +0000 2018,0.116,0.741,0.143,"Sessions: Federal prosecutor evaluating alleged FBI, DOJ wrongdoing, no second special counsel for now - via‚Ä¶ https://t.co/725fzB7faF",1,@FoxNews
0.3818,Thu Mar 29 21:46:18 +0000 2018,0.0,0.88,0.12,"RT @FoxBusiness: .@McDonald's‚Äã  is expanding its 3-year-old education benefits program, tripling the amount of money some workers can get e‚Ä¶",2,@FoxNews
-0.6908,Thu Mar 29 21:40:00 +0000 2018,0.402,0.598,0.0,Austin police chief calls bomber 'domestic terrorist' https://t.co/lNaWpJhrTM,3,@FoxNews
0.5719,Thu Mar 29 21:39:09 +0000 2018,0.0,0.812,0.188,".@JesseBWatters on #Roseanne success: ‚ÄúThere is an appetite out there for conservative voices. Finally, the market‚Ä¶ https://t.co/EEBvAgRJPj",4,@FoxNews
-0.5106,Thu Mar 29 21:30:53 +0000 2018,0.355,0.645,0.0,.@greggutfeld on Shulkin‚Äôs angry letter #TheFive https://t.co/yXOJ7hYBCx,5,@FoxNews
0.0,Thu Mar 29 21:22:16 +0000 2018,0.0,1.0,0.0,"BREAKING - Attorney General Jeff Sessions: Federal prosecutor evaluating alleged @FBI, @TheJusticeDept wrongdoing,‚Ä¶ https://t.co/HuVV7vaMww",6,@FoxNews
0.0,Thu Mar 29 21:19:59 +0000 2018,0.0,1.0,0.0,Privacy Is a 'Civil Liberty': Apple CEO Slams Facebook for 'Trafficking' in Personal Info https://t.co/Dk4WjRkNkZ,7,@FoxNews
0.7964,Thu Mar 29 21:06:00 +0000 2018,0.0,0.559,0.441,Newly single lotto winner flaunts $13M prize weeks after breakup https://t.co/VghyeHR695,8,@FoxNews
-0.4767,Thu Mar 29 20:59:35 +0000 2018,0.181,0.819,0.0,OPINION: President Carter is wrong again. We need more John Boltons -- Not fewer https://t.co/CcccBzhcsa,9,@FoxNews
0.0,Thu Mar 29 20:55:55 +0000 2018,0.0,1.0,0.0,.@cabot_phillips on #Roseanne: It says that a large portion of America feels disenfranchised. They look on TV &amp; all‚Ä¶ https://t.co/TNjp3BO1Yo,10,@FoxNews
-0.6369,Thu Mar 29 20:49:51 +0000 2018,0.167,0.833,0.0,"Will Hurd on alleged FISA abuse: ""When the DOJ goes to a FISA judge to get a warrant to surveil an American citizen‚Ä¶ https://t.co/E0E5Gh1lQg",11,@FoxNews
-0.296,Thu Mar 29 20:46:19 +0000 2018,0.18,0.82,0.0,Body found off Interstate 95 identified as missing Marine recruit https://t.co/kNUAAsNgCt,12,@FoxNews
-0.2714,Thu Mar 29 20:41:20 +0000 2018,0.191,0.674,0.135,"Trump, in campaign-style speech, promises the wall: 'We're getting that sucker built!' - via @brookefoxnews 
https://t.co/AhegRFvss3",13,@FoxNews
0.2263,Thu Mar 29 20:34:54 +0000 2018,0.103,0.743,0.154,Boy at @ChickfilA crawls under bathroom stall to ask stranger for help washing hands https://t.co/Cu0aYUugRa,14,@FoxNews
-0.5859,Thu Mar 29 20:28:37 +0000 2018,0.241,0.759,0.0,"Bill Cosby to face Janice Dickinson, 4 other accusers at sexual assault retrial https://t.co/LLSqMkl34U",15,@FoxNews
0.0,Thu Mar 29 20:28:35 +0000 2018,0.0,1.0,0.0,TONIGHT: Former Secretary of Veterans Affairs David Shulkin talks to @BretBaier. Tune in to #SpecialReport at 6p ET‚Ä¶ https://t.co/KndfJfeJHO,16,@FoxNews
0.0,Thu Mar 29 20:21:17 +0000 2018,0.0,1.0,0.0,"Bill Bennett on VA @SecShulkin leaving the WH: ""[@POTUS] should be able to pick the people he wants at his pleasure‚Ä¶ https://t.co/KFoBqjLerD",17,@FoxNews
0.296,Thu Mar 29 20:15:14 +0000 2018,0.053,0.841,0.106,RT @FoxBusiness: #StockAlert: The Dow Jones Industrial Average surged more than 300 points as @POTUS touted U.S. economic gains and a plan‚Ä¶,18,@FoxNews
0.4404,Thu Mar 29 20:14:32 +0000 2018,0.0,0.775,0.225,Big tech companies offer gilded safe space for @BarackObama officials https://t.co/OC9536FRXV,19,@FoxNews
0.8395,Thu Mar 29 20:13:57 +0000 2018,0.0,0.693,0.307,"Sheriff Thomas Hodgson on immigration: ""Law enforcement is so proud and so happy that @POTUS has taken a stand from‚Ä¶ https://t.co/4ekCpzPYdR",20,@FoxNews
0.0,Thu Mar 29 20:10:13 +0000 2018,0.0,1.0,0.0,"Sheriff Thomas Hodgson on immigration: ""The sheriffs are at a point now in this country where they've watched the i‚Ä¶ https://t.co/eOyxBw1Ou0",21,@FoxNews
0.3818,Thu Mar 29 20:01:55 +0000 2018,0.0,0.809,0.191,".@POTUS Vows to Protect 2nd Amendment, Congratulates @therealroseanne in Infrastructure Speech https://t.co/rY3Htygwb4",22,@FoxNews
0.3818,Thu Mar 29 19:58:16 +0000 2018,0.0,0.822,0.178,Stunning dinosaur discovery: Experts may have unearthed a baby Tyrannosaur fossil in Montana https://t.co/jKgWWb5b1g,23,@FoxNews
0.0,Thu Mar 29 19:34:00 +0000 2018,0.0,1.0,0.0,Camera to return to owner years after being dropped in ocean https://t.co/iV6EDGdatJ,24,@FoxNews
-0.3818,Thu Mar 29 19:27:49 +0000 2018,0.217,0.602,0.181,Fired FBI official Andrew McCabe soliciting online donations for legal defense fund https://t.co/uI6AQ1QL1J,25,@FoxNews
0.4482,Thu Mar 29 19:26:49 +0000 2018,0.0,0.812,0.188,".@Jordanfabian on Ronny Jackson: ""I don't think people dislike him but there are questions whether he's prepared fo‚Ä¶ https://t.co/HH4hLivhOf",26,@FoxNews
0.4466,Thu Mar 29 19:20:05 +0000 2018,0.0,0.887,0.113,"RT @FoxBusiness: RECALL ALERT: The maker of canned chicken sold under the Member‚Äôs Mark brand at Sam‚Äôs Club has recalled more than 96,000 p‚Ä¶",27,@FoxNews
0.0,Thu Mar 29 19:18:32 +0000 2018,0.0,1.0,0.0,.@POTUS picks White House doctor Ronny Jackson to replace @SecShulkin as Secretary of Veterans Affairs. @pdoocy has‚Ä¶ https://t.co/RPOJCaVs7w,28,@FoxNews
0.0,Thu Mar 29 19:11:38 +0000 2018,0.0,1.0,0.0,"Moments ago at his speech at the Local 18 Richfield Training Facility in Ohio, President @realDonaldTrump made clea‚Ä¶ https://t.co/BTPI7ZcjUH",29,@FoxNews
0.4404,Thu Mar 29 19:07:00 +0000 2018,0.0,0.791,0.209,Man may find a new kidney thanks to a shopping visit to Costco https://t.co/tkmXGj8kE7,30,@FoxNews
0.0,Thu Mar 29 19:03:10 +0000 2018,0.0,1.0,0.0,"RT @FoxBusiness: .@POTUS: ""Now it can take 10 years just to get permits to build a roadway, a tunnel, even in some cases a building and tha‚Ä¶",31,@FoxNews
0.6705,Thu Mar 29 19:00:14 +0000 2018,0.0,0.756,0.244,".@donnabrazile: ""[@HillaryClinton] has every opportunity to tell her story and also to help the country. She has in‚Ä¶ https://t.co/uXFj7EZ3yg",32,@FoxNews
0.4215,Thu Mar 29 18:57:21 +0000 2018,0.0,0.872,0.128,"RT @FoxBusiness: .@POTUS: ""We're gonna be investing in our workers and improving our healthcare facilities for our incredible veterans."" ht‚Ä¶",33,@FoxNews
0.4404,Thu Mar 29 18:57:12 +0000 2018,0.0,0.861,0.139,"RT @FoxBusiness: .@POTUS: ""I'm asking Congress to improve federal student aid to include high-quality, short-term training programs that eq‚Ä¶",34,@FoxNews
-0.296,Thu Mar 29 18:52:43 +0000 2018,0.18,0.82,0.0,"Father crashes daughter's proposal, holds up sign reading 'Say no' https://t.co/MfFZQUalmT",35,@FoxNews
-0.5719,Thu Mar 29 18:45:09 +0000 2018,0.252,0.748,0.0,'Demonic' fish with spikes of armor glows red in terrifying photo https://t.co/XIi3nnxUGQ,36,@FoxNews
0.0,Thu Mar 29 18:38:03 +0000 2018,0.0,1.0,0.0,".@POTUS: ""We spend billions of dollars in other countries maintaining their borders and we can't maintain our borde‚Ä¶ https://t.co/pFQmrf4mQE",37,@FoxNews
0.0,Thu Mar 29 18:37:28 +0000 2018,0.0,1.0,0.0,".@POTUS: ""We spend billions of dollars in other countries maintaining their borders, and we can't maintain our bord‚Ä¶ https://t.co/sYXv17AxxZ",38,@FoxNews
0.0,Thu Mar 29 18:35:48 +0000 2018,0.0,1.0,0.0,".@POTUS: ""In recent years, Americans have watched as Washington spent trillions and trillions of dollars building u‚Ä¶ https://t.co/vSWajcSSep",39,@FoxNews
0.0,Thu Mar 29 18:32:08 +0000 2018,0.0,1.0,0.0,".@POTUS: ""I have gotten done much more than I promised."" https://t.co/7449nrre67",40,@FoxNews
0.4939,Thu Mar 29 18:30:20 +0000 2018,0.0,0.714,0.286,".@POTUS: ""You've got a friend in the White House."" https://t.co/N5fobLOUct",41,@FoxNews
0.4767,Thu Mar 29 18:28:48 +0000 2018,0.0,0.745,0.255,".@POTUS: ""We want people to come in on merit. Not based on a lottery."" https://t.co/r0Q0iluxpL",42,@FoxNews
-0.6249,Thu Mar 29 18:26:22 +0000 2018,0.325,0.592,0.083,".@POTUS: ""African-American unemployment has reached the lowest levels ever recorded.  Hispanic-American unemploymen‚Ä¶ https://t.co/bwMwRUd5JO",43,@FoxNews
0.4404,Thu Mar 29 18:26:15 +0000 2018,0.0,0.642,0.358,".@POTUS: ""We want to protect our Second Amendment."" https://t.co/Os2975kdDS",44,@FoxNews
-0.6705,Thu Mar 29 18:25:36 +0000 2018,0.355,0.645,0.0,".@POTUS: ""Unemployment claims are at their lowest level in 45 years."" https://t.co/orI0AhEk3g",45,@FoxNews
0.3818,Thu Mar 29 18:24:42 +0000 2018,0.0,0.867,0.133,".@POTUS: ""We're keeping our promises and the results are in. Three million new jobs since Election Day."" https://t.co/zJeBbXzmGl",46,@FoxNews
0.0772,Thu Mar 29 18:23:37 +0000 2018,0.0,0.933,0.067,"RT @FoxBusiness: .@POTUS: ""We've eliminated a record number of job-killing regulations. That's one of the reasons [jobs] are coming back.""‚Ä¶",47,@FoxNews
0.7964,Thu Mar 29 18:23:34 +0000 2018,0.0,0.747,0.253,"RT @FoxBusiness: .@POTUS on the border wall: ""That's what I do, is I build... It was always my best thing. I think better than being presid‚Ä¶",48,@FoxNews
0.4927,Thu Mar 29 18:23:21 +0000 2018,0.0,0.803,0.197,".@POTUS: ""We're moving along very nicely with North Korea, we'll see what happens."" https://t.co/JhwxbKYzx6",49,@FoxNews
-0.7506,Thu Mar 29 18:21:36 +0000 2018,0.252,0.748,0.0,".@POTUS: ""We've stood up for the American workers by finally cracking down on unfair trade that steals our jobs and‚Ä¶ https://t.co/FcV1kYDPqh",50,@FoxNews
-0.6249,Thu Mar 29 18:21:18 +0000 2018,0.346,0.566,0.088,".@POTUS: ""Hispanic-American unemployment has also reached the lowest levels ever recorded."" https://t.co/UuvMitzjmh",51,@FoxNews
-0.7506,Thu Mar 29 18:19:59 +0000 2018,0.252,0.748,0.0,".@POTUS: ""We've stood up for the American workers by finally cracking down on unfair trade that steals our jobs and‚Ä¶ https://t.co/IVPZmN7n2p",52,@FoxNews
0.4939,Thu Mar 29 18:19:51 +0000 2018,0.0,0.781,0.219,".@POTUS: ""We've unleashed American energy independence. Energy exports are at a record high and foreign imports are‚Ä¶ https://t.co/BlhkxNaGvD",53,@FoxNews
0.4404,Thu Mar 29 18:18:00 +0000 2018,0.0,0.734,0.266,".@POTUS: ""The wall looks good. It's properly designed."" https://t.co/CfSOeUI6DO",54,@FoxNews
-0.5267,Thu Mar 29 18:17:21 +0000 2018,0.195,0.805,0.0,".@POTUS: ""We need walls. We started building our wall... We're getting that sucker built."" https://t.co/07BzezKliK",55,@FoxNews
0.0,Thu Mar 29 18:17:01 +0000 2018,0.0,1.0,0.0,".@POTUS: ""People said, 'oh has he given up on the wall?' I never give up.' We have $1.6 billion toward the wall."" https://t.co/p8q6NTaaqA",56,@FoxNews
0.6113,Thu Mar 29 18:15:41 +0000 2018,0.0,0.734,0.266,".@POTUS: ""We started building our wall. I'm so proud of it."" https://t.co/eV30WKMsT9",57,@FoxNews
0.0,Thu Mar 29 18:14:56 +0000 2018,0.0,1.0,0.0,".@POTUS: ""We've made history by massively reducing job-killing taxes."" https://t.co/76vCxjvI9k",58,@FoxNews
0.0258,Thu Mar 29 18:14:29 +0000 2018,0.131,0.733,0.136,".@POTUS: ""My administration is fighting every day to protect and defend and grow American jobs."" https://t.co/DQgdrcUkI9",59,@FoxNews
0.0772,Thu Mar 29 18:13:53 +0000 2018,0.0,0.915,0.085,".@POTUS: ""We've eliminated a record number of job-killing regulations, that's why [companies are] coming back."" https://t.co/xIHT8CMVGn",60,@FoxNews
0.0772,Thu Mar 29 18:12:57 +0000 2018,0.0,0.942,0.058,".@POTUS on jobs: ""So many others coming back with massive amounts of money. They all want to be back in the USA.""",61,@FoxNews
0.0,Thu Mar 29 18:12:16 +0000 2018,0.0,1.0,0.0,".@POTUS: ""[@Apple is] gonna be investing $350 billion."" https://t.co/5Qc4gm4fd7",62,@FoxNews
0.4939,Thu Mar 29 18:11:22 +0000 2018,0.095,0.687,0.218,".@POTUS: ""Joined by our friends here in Ohio, my administration is fighting every day to protect, defend and grow A‚Ä¶ https://t.co/h5RCq4hTGh",63,@FoxNews
0.7964,Thu Mar 29 18:09:59 +0000 2018,0.0,0.628,0.372,".@POTUS: ""American workers are truly the best in the world. Right? The best."" https://t.co/E9Ifk3Taz3",64,@FoxNews
0.0,Thu Mar 29 18:08:04 +0000 2018,0.0,1.0,0.0,"President @realDonaldTrump speaks about infrastructure in Richfield, Ohio. https://t.co/1C0a3qpnkn",65,@FoxNews
-0.6249,Thu Mar 29 18:07:11 +0000 2018,0.231,0.769,0.0,"On @foxandfriends, @DLoesch talked about her son, who complained that when the media covers the gun control debate,‚Ä¶ https://t.co/5z7L3V510b",66,@FoxNews
-0.5994,Thu Mar 29 18:01:22 +0000 2018,0.218,0.782,0.0,"ICE's 'violent felon', who escaped custody at NYC airport, reportedly fled during meal break https://t.co/HsOjWMK8yH",67,@FoxNews
0.0,Thu Mar 29 17:51:53 +0000 2018,0.0,1.0,0.0,'Serial Stowaway' deemed unfit to stand trial https://t.co/L9hcGJ3Ol5,68,@FoxNews
0.0,Thu Mar 29 17:51:43 +0000 2018,0.0,1.0,0.0,Graphic sex video causes juror to faint during San Antonio trial https://t.co/Fo1rpS1wJH,69,@FoxNews
0.5859,Thu Mar 29 17:46:39 +0000 2018,0.115,0.573,0.312,"Missing Georgia teen, 15, rescued after family friend spots her picture on Snapchat https://t.co/5Usq0R8lb7",70,@FoxNews
0.0,Thu Mar 29 17:44:51 +0000 2018,0.0,1.0,0.0,".@RepJoeWilson: ""What Putin is doing is he's taking the country in such a direction that it's going to be against [‚Ä¶ https://t.co/mZJlR4mE18",71,@FoxNews
-0.4404,Thu Mar 29 17:43:24 +0000 2018,0.225,0.775,0.0,"Stormy Daniels' motion to depose Trump, Cohen denied - via @brookefoxnews 
https://t.co/5v7QcSuSGS",72,@FoxNews
0.3595,Thu Mar 29 17:42:05 +0000 2018,0.0,0.865,0.135,"News Alert: Awaiting @POTUS's infrastructure speech - for full live coverage, tune in to Fox News Channel! https://t.co/JC99bvZoEe",73,@FoxNews
-0.1531,Thu Mar 29 17:36:07 +0000 2018,0.164,0.714,0.121,RT @FoxBusiness: Amazon CEO Jeff Bezos loses $6.4B after #Trump report    https://t.co/TysUf2CCb9,74,@FoxNews
0.5574,Thu Mar 29 17:30:01 +0000 2018,0.0,0.805,0.195,"""I want to give back to all branches of the service to these people - to these heroes - that need help.""‚Ä¶ https://t.co/P8qe3b52kZ",75,@FoxNews
-0.5574,Thu Mar 29 17:29:07 +0000 2018,0.175,0.825,0.0,".@DarellIssa: ""The abuses which appear to be systematic by the Obama Administration... that's going to take prosecu‚Ä¶ https://t.co/EthFVs79X6",76,@FoxNews
0.0,Thu Mar 29 17:21:22 +0000 2018,0.0,1.0,0.0,Happening Now: @POTUS arrives in Ohio to deliver remarks on infrastructure. https://t.co/pmfayeckz1,77,@FoxNews
-0.4404,Thu Mar 29 17:16:35 +0000 2018,0.172,0.828,0.0,"BREAKING NEWS: Russia to expel 60 US diplomats, close US consulate in St. Petersburg https://t.co/AoFn0Xep2y",78,@FoxNews
-0.4215,Thu Mar 29 17:14:01 +0000 2018,0.219,0.781,0.0,BREAKING NEWS: Judge denies Stormy Daniels' motion to depose @POTUS. https://t.co/USabT5qDpc,79,@FoxNews
0.0,Thu Mar 29 17:14:00 +0000 2018,0.0,1.0,0.0,"Data for 136,000 Facebook users still not deleted by Cambridge Analytica, report says https://t.co/spn1UvgTxs (via @christocarbone)",80,@FoxNews
0.0,Thu Mar 29 17:05:32 +0000 2018,0.0,1.0,0.0,Graphic sex video causes juror to faint during San Antonio trial https://t.co/Fo1rpS1wJH,81,@FoxNews
0.4902,Thu Mar 29 16:55:45 +0000 2018,0.0,0.804,0.196,".@KennedyNation: ""@JoeBiden... wouldn't done so much better than @HillaryClinton against @realDonaldTrump - and Dem‚Ä¶ https://t.co/2eMVFxJK9C",82,@FoxNews
0.0,Thu Mar 29 16:54:40 +0000 2018,0.0,1.0,0.0,"Two pilots say they witnessed UFO while flying plane above Arizona, audio reveals https://t.co/7aGcTwZ6V4",83,@FoxNews
0.4019,Thu Mar 29 16:48:22 +0000 2018,0.0,0.838,0.162,'Roseanne's' Sandra Bernhard says women who support Trump are unable to 'think for themselves'‚Ä¶ https://t.co/8bWKbvEshM,84,@FoxNews
0.4767,Thu Mar 29 16:44:50 +0000 2018,0.0,0.846,0.154,".@trish_regan: ""American voters have basically looked past a lot. I've talked to some friends I have down South, so‚Ä¶ https://t.co/uneseTRQ2L",85,@FoxNews
0.0,Thu Mar 29 16:43:02 +0000 2018,0.0,1.0,0.0,".@Zac_Petkanas: ""The midterms should be about three things: It should be about healthcare, it should be about the t‚Ä¶ https://t.co/jwKwcID8U8",86,@FoxNews
0.6124,Thu Mar 29 16:35:22 +0000 2018,0.0,0.773,0.227,News Alert: California officials issue new guidance for sanctuary law claiming it allows sharing of info with feds. https://t.co/4R4COajy3R,87,@FoxNews
0.3818,Thu Mar 29 16:34:09 +0000 2018,0.0,0.867,0.133,".@trish_regan: ""We need to protect Americans. I don't understand why this should even be a controversy in the first‚Ä¶ https://t.co/pBCnmHDMFp",88,@FoxNews
-0.802,Thu Mar 29 16:24:20 +0000 2018,0.34,0.66,0.0,"Family killed in California cliff crash had recent visit from Child Protective Services, police say https://t.co/Jh9Lq9ZXql",89,@FoxNews
0.0,Thu Mar 29 16:12:05 +0000 2018,0.0,1.0,0.0,".@KennedyNation: ""We're going in the right direction if you're talking about privatization and the VA... We have do‚Ä¶ https://t.co/DhupbjABIQ",90,@FoxNews
-0.5859,Thu Mar 29 16:11:34 +0000 2018,0.324,0.676,0.0,"Cops confront Domino's employee over undelivered pizza, get suspended (via @JaninePuhak) https://t.co/Lx5YqcZZse",91,@FoxNews
-0.296,Thu Mar 29 16:09:38 +0000 2018,0.18,0.82,0.0,"Father crashes daughter's proposal, holds up sign reading 'Say no' https://t.co/MfFZQUalmT",92,@FoxNews
0.0,Thu Mar 29 16:04:24 +0000 2018,0.0,1.0,0.0,Happening Now: @POTUS traveling to Ohio for speech on infrastructure. https://t.co/ZymwN3M3yD,93,@FoxNews
0.0,Thu Mar 29 16:03:55 +0000 2018,0.0,1.0,0.0,.@POTUS departs Joint Base Andrews en route to Ohio. https://t.co/QSMZKfRhIL,94,@FoxNews
0.4019,Thu Mar 29 15:58:52 +0000 2018,0.0,0.856,0.144,'Roseanne's' Sandra Bernhard says women who support Trump are unable to 'think for themselves' (via @Sashafb) https://t.co/tDenoduv8Q,95,@FoxNews
0.3182,Thu Mar 29 15:49:20 +0000 2018,0.0,0.874,0.126,".@EmilyCompagno: ""Law enforcement learned via [Noor Salman's] mouth that Omar Mateen was actively preparing for jih‚Ä¶ https://t.co/htunhNMDw6",96,@FoxNews
0.4939,Thu Mar 29 15:41:50 +0000 2018,0.161,0.536,0.304,Retired military pilot 'died a hero' trying to save kids from drowning at Florida beach https://t.co/3M0ysBot5g,97,@FoxNews
0.0,Thu Mar 29 15:41:15 +0000 2018,0.0,1.0,0.0,"Dan Palmer: ""Trump's visit out here to California stirred up @TheDemocrats to go out and do a bunch of wacky things‚Ä¶ https://t.co/gX0bcAh8cB",98,@FoxNews
0.4767,Thu Mar 29 15:40:00 +0000 2018,0.0,0.795,0.205,Purple Heart medal found at Arizona pawnshop returned to family (via @travfed)  https://t.co/HsFMAm3LEN,99,@FoxNews
0.0,Thu Mar 29 21:45:06 +0000 2018,0.0,1.0,0.0,"Justin Brown, a lawyer for Adnan Syed, said the podcast ""Serial"" had been ‚Äúenormously helpful‚Äù in pursuing justice‚Ä¶ https://t.co/6eApiKcagu",0,@NYTimes
-0.4215,Thu Mar 29 21:38:54 +0000 2018,0.141,0.859,0.0,"The Trump administration is preparing an effort to weaken emissions and fuel economy standards, a blow to Obama-era‚Ä¶ https://t.co/CkcAXSQH7V",1,@NYTimes
-0.3182,Thu Mar 29 21:30:19 +0000 2018,0.119,0.881,0.0,"Since hitting its peak on Feb. 2, Facebook has lost an astonishing $100 billion in market capitalization https://t.co/19cZOH6SUG",2,@NYTimes
0.6369,Thu Mar 29 21:15:05 +0000 2018,0.0,0.811,0.189,"After decades of experience in some of the best restaurants in America, Paul Carmichael has transformed Momofuku Se‚Ä¶ https://t.co/Wo8L0R0eSj",3,@NYTimes
-0.6369,Thu Mar 29 21:00:23 +0000 2018,0.208,0.792,0.0,"The traditional Cambodian hatred of the ethnic Vietnamese is ""almost pathological."" As a result, the ethnic Vietnam‚Ä¶ https://t.co/WDozCU4PTN",4,@NYTimes
0.5719,Thu Mar 29 20:45:04 +0000 2018,0.0,0.709,0.291,A weekend celebrating the old and the new in Budapest https://t.co/iqZtAYevKs,5,@NYTimes
-0.8442,Thu Mar 29 20:30:11 +0000 2018,0.322,0.597,0.081,"""How can I get over my sense of betrayal, my rage and my desire to punish this man for the disrespectful way he tre‚Ä¶ https://t.co/dz2MjF0UMP",6,@NYTimes
0.4767,Thu Mar 29 20:15:07 +0000 2018,0.0,0.829,0.171,Trying to fatten up your friends in time for beach season? Time to start baking. https://t.co/vgjL9KuZrG,7,@NYTimes
0.25,Thu Mar 29 20:00:13 +0000 2018,0.0,0.913,0.087,The British government said it would review the cases of 700 Russians who were granted visas to live in Britain lar‚Ä¶ https://t.co/30bCmcZhXL,8,@NYTimes
-0.802,Thu Mar 29 19:45:06 +0000 2018,0.286,0.714,0.0,Distraught family members of inmates who perished in a blaze during a jail riot in Venezuela said that they were no‚Ä¶ https://t.co/UNg52Xjh1V,9,@NYTimes
0.6369,Thu Mar 29 19:30:16 +0000 2018,0.0,0.785,0.215,Kathy Griffin is back. She will appear in a special episode of the Comedy Central series ‚ÄúThe President Show‚Äù as Ke‚Ä¶ https://t.co/kbjU2ObONo,10,@NYTimes
0.0,Thu Mar 29 19:15:09 +0000 2018,0.0,1.0,0.0,"What kind of spy would you make? Spyscape, a new museum in New York City, will test your skills. https://t.co/X4qpe4oFE1",11,@NYTimes
0.0516,Thu Mar 29 19:07:05 +0000 2018,0.111,0.769,0.12,"Laura Ingraham mocked David Hogg, a survivor of the school shooting in Parkland, Fla., over his college rejections.‚Ä¶ https://t.co/ZKjXjLGm5z",12,@NYTimes
0.0,Thu Mar 29 19:00:34 +0000 2018,0.0,1.0,0.0,"RT @MichaelPaulson: The stars of this Sunday's live @NBC concert of ""Jesus Christ Superstar"" -- @johnlegend, @SaraBareilles, @alicecooper &amp;‚Ä¶",13,@NYTimes
0.0,Thu Mar 29 18:48:52 +0000 2018,0.0,1.0,0.0,RT @ByMattStevens: It was a family of two mothers and six adoptees. One of the children had had a brush with viral celebrity. But now troub‚Ä¶,14,@NYTimes
0.8126,Thu Mar 29 18:45:09 +0000 2018,0.0,0.403,0.597,For the sophisticated french fry lover https://t.co/AAlnvGN4sI,15,@NYTimes
-0.6124,Thu Mar 29 18:37:04 +0000 2018,0.273,0.727,0.0,"Steve Smith broke down in tears, apologizing on live national television for sullying his country and its national‚Ä¶ https://t.co/8uq5EvN6FR",16,@NYTimes
-0.296,Thu Mar 29 18:30:13 +0000 2018,0.104,0.896,0.0,"The case of the missing sport coat has it all: video evidence, reparations, multiple apologies and a Final Four coa‚Ä¶ https://t.co/GtBj8kVDok",17,@NYTimes
0.0,Thu Mar 29 18:23:01 +0000 2018,0.0,1.0,0.0,"Denmark has long had one of the highest divorce rates in Europe, and the government has decided that breaking up sh‚Ä¶ https://t.co/Gwz69TISvS",18,@NYTimes
0.0,Thu Mar 29 18:15:09 +0000 2018,0.0,1.0,0.0,Automakers are offering augmented reality experiences and lifelike virtual reality simulations to lure buyers https://t.co/FDiEWkjxXx,19,@NYTimes
0.0,Thu Mar 29 18:05:05 +0000 2018,0.0,1.0,0.0,"A Maryland appeals court vacated the conviction of Adnan Syed, a subject of the hit podcast ""Serial‚Äù https://t.co/tF7Wz5XGVg",20,@NYTimes
-0.5106,Thu Mar 29 18:00:16 +0000 2018,0.136,0.864,0.0,A white woman became the first person in South Africa to be sent to prison for her repeated use of a racial slur https://t.co/J1MliQIcao,21,@NYTimes
0.5106,Thu Mar 29 17:52:05 +0000 2018,0.0,0.82,0.18,There remains a strong correlation between marriage and economic class in the American higher education system https://t.co/5Uh4n8fXKn,22,@NYTimes
0.7964,Thu Mar 29 17:45:03 +0000 2018,0.0,0.633,0.367,"""The president and America needs a wise, steady and thoughtful national security advisor,"" former Secretary of Defe‚Ä¶ https://t.co/mJrbSIEWQ1",23,@NYTimes
-0.4404,Thu Mar 29 17:33:06 +0000 2018,0.153,0.847,0.0,"Breaking News: Russia will expel 150 diplomats, including 60 Americans, in retaliation for Western nations‚Äô respons‚Ä¶ https://t.co/Hl7o9v20dd",24,@NYTimes
0.0,Thu Mar 29 17:30:16 +0000 2018,0.0,1.0,0.0,"In Opinion,
Op-Ed contributor Noam Cohen writes, ""Facebook‚Äôs vast and well-designed platform offered the Trump camp‚Ä¶ https://t.co/uRkWi0M6MY",25,@NYTimes
0.0,Thu Mar 29 17:15:07 +0000 2018,0.0,1.0,0.0,"Greta Kline, the youngest child of the actors Kevin Kline and Phoebe Cates, is learning to step into the spotlight‚Ä¶ https://t.co/ofvqVo2TK3",26,@NYTimes
0.5267,Thu Mar 29 17:04:43 +0000 2018,0.0,0.82,0.18,"RT @migold: In 2018, I resolved to cook more for other people. Which meant baking. Which meant I needed help from @nytfood and @wirecutter.‚Ä¶",27,@NYTimes
-0.296,Thu Mar 29 17:00:20 +0000 2018,0.109,0.891,0.0,"Charlie Walk, who worked with artists including Lorde, the Weeknd and Ariana Grande, was accused of persistent hara‚Ä¶ https://t.co/eSCYdz76Kp",28,@NYTimes
-0.7713,Thu Mar 29 16:46:47 +0000 2018,0.271,0.729,0.0,The shooting has reignited the kind of protests against police killings that spread over the past several years in‚Ä¶ https://t.co/XV3YduMu0f,29,@NYTimes
0.1531,Thu Mar 29 16:45:04 +0000 2018,0.095,0.785,0.12,‚ÄúA lot of white people are truly shocked by what these videos depict; I know very few African-Americans who are sur‚Ä¶ https://t.co/GeIH1cZwdE,30,@NYTimes
-0.8625,Thu Mar 29 16:37:32 +0000 2018,0.348,0.652,0.0,At least 68 people died in a fire in a Venezuelan jail. The authorities fired tear gas and rubber bullets at grievi‚Ä¶ https://t.co/0c7UVCIEkE,31,@NYTimes
0.4404,Thu Mar 29 16:30:15 +0000 2018,0.094,0.735,0.171,How a 16-year-old girl named Yu Gwan-sun became the face of Korea‚Äôs struggle for freedom in the spring of 1919 https://t.co/dsU9QuANDN,32,@NYTimes
-0.4404,Thu Mar 29 16:23:06 +0000 2018,0.132,0.868,0.0,Eric Holder says he'll sue the Trump administration to block it from adding a question about citizenship to the 202‚Ä¶ https://t.co/Wlu56Y3Pwf,33,@NYTimes
0.4019,Thu Mar 29 16:17:15 +0000 2018,0.0,0.847,0.153,"RT @_StephenCastle: ‚ÄúMore conspicuous, more commonplace and more corrosive‚Äù - the anti-Semitism afflicting Britain's Labour Party https://t‚Ä¶",34,@NYTimes
-0.3182,Thu Mar 29 16:15:08 +0000 2018,0.172,0.711,0.117,"RT @nytimesbusiness: Outside the United States, social media is fueling real-world violence and empowering autocrats, often with much less‚Ä¶",35,@NYTimes
-0.5859,Thu Mar 29 16:00:28 +0000 2018,0.223,0.714,0.063,"According to a lawsuit filed by a criminal defense lawyer, a judge told him that he spent too much time defending i‚Ä¶ https://t.co/IFezlRJ7pR",36,@NYTimes
0.0,Thu Mar 29 15:57:28 +0000 2018,0.0,1.0,0.0,"RT @nytgraphics: People often point to Beirut when they talk about design in the Middle East. ‚ÄúBeirut is saturated,‚Äù counter the founders o‚Ä¶",37,@NYTimes
-0.6124,Thu Mar 29 15:54:59 +0000 2018,0.167,0.833,0.0,"RT @nytimesbusiness: How a racist hoodie made its way through the design, production and marketing process without being caught, and how co‚Ä¶",38,@NYTimes
0.0,Thu Mar 29 15:52:04 +0000 2018,0.0,1.0,0.0,"At 26, the Cuban artist Belkis Ay√≥n was invited to show at the Venice Biennale in Italy. But first, she had to get‚Ä¶ https://t.co/e2NUHSlGOM",39,@NYTimes
0.3182,Thu Mar 29 15:45:11 +0000 2018,0.0,0.892,0.108,"Under Ben Carson, the HUD is attempting to scale back federal efforts to enforce fair housing laws, sidelining offi‚Ä¶ https://t.co/x98dzX1hft",40,@NYTimes
-0.6486,Thu Mar 29 15:30:09 +0000 2018,0.185,0.815,0.0,"Two police officers, 10 minutes, 20 bullets. Another unarmed black man is dead, and a furor over police shootings i‚Ä¶ https://t.co/YXsidv3siL",41,@NYTimes
0.0,Thu Mar 29 15:15:06 +0000 2018,0.0,1.0,0.0,"Gym.
Tan.
Laundry.
Check on the kids. 
https://t.co/YtSTBB01iy",42,@NYTimes
0.3612,Thu Mar 29 15:02:10 +0000 2018,0.0,0.828,0.172,In case you'd like some baseball to go with your hot dogs: https://t.co/rNN6Muqx7Q,43,@NYTimes
0.0,Thu Mar 29 15:01:26 +0000 2018,0.0,1.0,0.0,It's #OpeningDay of üå≠ season https://t.co/oSE1ImH7yJ,44,@NYTimes
0.0,Thu Mar 29 14:45:08 +0000 2018,0.0,1.0,0.0,"""The business that she's in ‚Äî I'm sorry,"" said Debbie Lesko, a Republican candidate for Congress, about Stormy Dani‚Ä¶ https://t.co/TmWSzHRB74",45,@NYTimes
0.4854,Thu Mar 29 14:30:04 +0000 2018,0.0,0.853,0.147,"RT @nytimesarts: ""I had all the fame and the money and everything that went with it, but I started realizing what was important to me was m‚Ä¶",46,@NYTimes
0.3182,Thu Mar 29 14:21:06 +0000 2018,0.097,0.705,0.198,"To secure trade agreements quickly, the White House has taken a contentious approach to negotiations not seen in de‚Ä¶ https://t.co/reV37SloPb",47,@NYTimes
0.4767,Thu Mar 29 14:11:06 +0000 2018,0.115,0.639,0.246,"Rusty Staub, a fan favorite for the New York Mets who played in the majors for more than two decades, has died at 73 https://t.co/Tcjj8dj7GK",48,@NYTimes
-0.296,Thu Mar 29 14:00:22 +0000 2018,0.155,0.845,0.0,All the major firings and resignations in the Trump administration ‚Äî so far https://t.co/Zum0htqCdF,49,@NYTimes
-0.296,Thu Mar 29 13:44:05 +0000 2018,0.171,0.714,0.114,"She died at 17, giving her life to the cause of Korean resistance to Japanese rule https://t.co/j259G6YI6P",50,@NYTimes
0.0,Thu Mar 29 13:31:06 +0000 2018,0.0,1.0,0.0,"In Opinion

Op-Ed columnist @BretStephensNYT writes: ""What happens now will be a test for the global left: If it is‚Ä¶ https://t.co/xqbFsrMCxC",51,@NYTimes
0.2013,Thu Mar 29 13:17:06 +0000 2018,0.121,0.645,0.234,"President Trump attacked Amazon, saying that it does not pay enough taxes and uses the United States postal system‚Ä¶ https://t.co/xfNf0osQpD",52,@NYTimes
0.0,Thu Mar 29 13:00:18 +0000 2018,0.0,1.0,0.0,Morning¬†Briefing: Here's what you need to know to start your day https://t.co/4Xted0wXzR https://t.co/3De96lruQp,53,@NYTimes
0.4215,Thu Mar 29 12:46:02 +0000 2018,0.0,0.872,0.128,"In 2014, one of the Hart family's six adopted children drew widespread attention when he was photographed hugging a‚Ä¶ https://t.co/cl8LtWUh6I",54,@NYTimes
0.5563,Thu Mar 29 12:29:02 +0000 2018,0.0,0.796,0.204,"The reboot of ""Roseanne"" got off to an enormously strong start on Tuesday night https://t.co/fciUqSQft9",55,@NYTimes
0.34,Thu Mar 29 12:15:04 +0000 2018,0.0,0.87,0.13,"Dana Carvey impersonated John Bolton, President Trump's incoming national security adviser, on ""The Late Show."" Our‚Ä¶ https://t.co/Y7dFrzM7AJ",56,@NYTimes
0.0,Thu Mar 29 12:00:08 +0000 2018,0.0,1.0,0.0,"Your daily @DealBook Briefing:

‚Ä¢ Are we witnessing the end of a tech boom?
¬†
‚Ä¢ President Trump wants to rein in Am‚Ä¶ https://t.co/VMJOV91yOl",57,@NYTimes
0.0,Thu Mar 29 11:51:03 +0000 2018,0.0,1.0,0.0,"In Opinion

Op-Ed columnist Lindy West writes: ""Transphobia is not a pet issue of the hypersensitive but a continui‚Ä¶ https://t.co/5pv7ZR0qTe",58,@NYTimes
0.296,Thu Mar 29 11:41:01 +0000 2018,0.0,0.896,0.104,The talks about possible pardons suggest that the White House was concerned about what Michael Flynn and Paul Manaf‚Ä¶ https://t.co/k90k3WE2PR,59,@NYTimes
0.0,Thu Mar 29 11:30:09 +0000 2018,0.0,1.0,0.0,"Heineken pulled a series of commercials for light beer this week that featured the tagline ‚Äúsometimes, lighter is b‚Ä¶ https://t.co/mTsW3XyLNJ",60,@NYTimes
0.802,Thu Mar 29 11:14:03 +0000 2018,0.0,0.675,0.325,"President Trump called Roseanne Barr to congratulate her on the revival of her comedy, ""Roseanne,"" and to thank her‚Ä¶ https://t.co/64i024KWXP",61,@NYTimes
0.0,Thu Mar 29 10:59:02 +0000 2018,0.0,1.0,0.0,"RT @nytimesworld: For the first time since militants shot her 6 years ago simply because she wanted girls to be able to go to school, Malal‚Ä¶",62,@NYTimes
0.0,Thu Mar 29 10:44:04 +0000 2018,0.0,1.0,0.0,"North Korea‚Äôs leader, Kim Jong-un, and President Moon Jae-in of South Korea will meet for the first time on April 2‚Ä¶ https://t.co/Y6HqEMb2cL",63,@NYTimes
0.0,Thu Mar 29 10:30:08 +0000 2018,0.0,1.0,0.0,"In Opinion

David J. Shulkin writes: ""In recent months, the environment in Washington has turned so toxic, chaotic,‚Ä¶ https://t.co/AEhlToRpOV",64,@NYTimes
0.0,Thu Mar 29 10:16:01 +0000 2018,0.0,1.0,0.0,Indian officials have been ordered to stay away from the Dalai Lama's rally thanking India for hosting his exile https://t.co/Wjdoz0O7h8,65,@NYTimes
0.0,Thu Mar 29 10:00:19 +0000 2018,0.0,1.0,0.0,Morning¬†Briefing: Here's what you need to know to start your day https://t.co/a0SeLW9cx8 https://t.co/Yo3BKmpuVw,66,@NYTimes
-0.4588,Thu Mar 29 09:44:04 +0000 2018,0.125,0.875,0.0,"""He threatened to burn down my house with me in it,"" one woman wrote in her application for a restraining order. ""H‚Ä¶ https://t.co/QVE25KoUL5",67,@NYTimes
-0.4767,Thu Mar 29 09:30:11 +0000 2018,0.147,0.853,0.0,"Ecuador suspended internet access for Julian Assange, the WikiLeaks founder who since 2012 has lived in Ecuador‚Äôs E‚Ä¶ https://t.co/bsONTosvaX",68,@NYTimes
-0.8625,Thu Mar 29 09:15:04 +0000 2018,0.348,0.652,0.0,"At least 68 people died when a fire erupted during a riot at a jail in the northern Venezuelan city of Valencia, th‚Ä¶ https://t.co/nsdFiGqvg9",69,@NYTimes
0.296,Thu Mar 29 09:00:12 +0000 2018,0.0,0.885,0.115,"President Trump's lawyer discussed pardons for Michael Flynn and Paul Manafort last year, according to three people‚Ä¶ https://t.co/07AMIMDgRr",70,@NYTimes
-0.6908,Thu Mar 29 08:45:03 +0000 2018,0.271,0.729,0.0,"An emergency medical worker who was exposed to the nerve agent became ill after going to Sergei Skripal's house, su‚Ä¶ https://t.co/CFibQllrCU",71,@NYTimes
0.0,Thu Mar 29 08:30:08 +0000 2018,0.0,1.0,0.0,"Malala Yousafzai, the Pakistani activist for girls‚Äô education, returned to Pakistan in her first visit since an att‚Ä¶ https://t.co/LlfYLCzQ58",72,@NYTimes
0.6908,Thu Mar 29 08:14:03 +0000 2018,0.0,0.737,0.263,"Thousands gathered in Paris to honor Mireille Knoll, an 85-year-old grandmother and Holocaust survivor who was murd‚Ä¶ https://t.co/qKALIjEMpJ",73,@NYTimes
-0.296,Thu Mar 29 08:02:06 +0000 2018,0.155,0.845,0.0,All the major firings and resignations in the Trump administration ‚Äî so far https://t.co/WKFrMOOi2e,74,@NYTimes
-0.5423,Thu Mar 29 07:47:05 +0000 2018,0.171,0.829,0.0,A Nazi-era law makes it a crime for German doctors to publicly advertise that they perform abortions. One gynecolog‚Ä¶ https://t.co/hMpDzvBXg6,75,@NYTimes
-0.6369,Thu Mar 29 07:32:06 +0000 2018,0.208,0.792,0.0,"The traditional Cambodian hatred of the ethnic Vietnamese is ""almost pathological."" As a result, the ethnic Vietnam‚Ä¶ https://t.co/YnvHmoSf88",76,@NYTimes
0.0,Thu Mar 29 07:26:50 +0000 2018,0.0,1.0,0.0,North and South Korea Set a Date for Summit Meeting at Border https://t.co/OzOT8xXWRt,77,@NYTimes
0.3612,Thu Mar 29 07:17:07 +0000 2018,0.138,0.646,0.215,"RT @nytimesworld: ‚ÄúShe survived the Holocaust last century, I think she had a happy life, and yet she was killed at home in 2018, frail, an‚Ä¶",78,@NYTimes
0.6808,Thu Mar 29 07:08:18 +0000 2018,0.0,0.556,0.444,5 Cheap(ish) Things to Help You Become a Better Baker https://t.co/3DEGbcF9IT,79,@NYTimes
-0.6619,Thu Mar 29 07:02:05 +0000 2018,0.318,0.531,0.151,"A waiter was fired for being combative, aggressive and something of a bully. His defense? He‚Äôs not rude. He‚Äôs Frenc‚Ä¶ https://t.co/HcN22Hi1zA",80,@NYTimes
0.6249,Thu Mar 29 06:31:05 +0000 2018,0.0,0.83,0.17,RT @nytimesworld: Which makes sense? a) Pirate ships in a landlocked country; b) a 47-foot-high statue of Alexander the Great; c) a house d‚Ä¶,81,@NYTimes
0.0,Thu Mar 29 05:59:27 +0000 2018,0.0,1.0,0.0,"Archaeologists believe the 13,000-year-old human footprints to be the earliest found so far in North America https://t.co/E0yEBAuT7n",82,@NYTimes
0.2023,Thu Mar 29 05:41:06 +0000 2018,0.0,0.917,0.083,"RT @NYTmag: Floating villages spread across the surface of the Mekong River‚Äôs waterways, playing host to ethnic Vietnamese whose status in‚Ä¶",83,@NYTimes
0.4404,Thu Mar 29 05:21:04 +0000 2018,0.0,0.756,0.244,"These arctic foxes turned ""blue."" It was a good thing. https://t.co/PA6vz2GcCr",84,@NYTimes
0.0,Thu Mar 29 05:02:02 +0000 2018,0.0,1.0,0.0,2 Texas oil companies joined forces in the biggest deal yet in the Southwestern oil patch https://t.co/iLzaXURm1T,85,@NYTimes
-0.7778,Thu Mar 29 04:41:06 +0000 2018,0.393,0.533,0.074,RT @EricSchmittNYT: American drone strike in Libya kills top Qaeda recruiter and official warns of more attacks  https://t.co/nrGvlVj6l2,86,@NYTimes
0.0,Thu Mar 29 04:21:04 +0000 2018,0.0,1.0,0.0,"Steven Spielberg ""is the only person who could have made this movie and the last person who should have been allowe‚Ä¶ https://t.co/m9H7reZA3R",87,@NYTimes
0.0,Thu Mar 29 04:08:47 +0000 2018,0.0,1.0,0.0,"Anbang Was Seized by China. Now, It Has a Deal for You. https://t.co/3ZEHUjWgat",88,@NYTimes
0.7783,Thu Mar 29 04:02:02 +0000 2018,0.0,0.672,0.328,RT @maggieNYT: Trump called a supporter with a large megaphone - @therealroseanne - to thank her and congratulate her after the Roseanne re‚Ä¶,89,@NYTimes
0.2263,Thu Mar 29 03:54:55 +0000 2018,0.249,0.395,0.356,"Mireille Knoll, Murdered Holocaust Survivor, Is Honored in Paris https://t.co/CK02eLDlje",90,@NYTimes
-0.8625,Thu Mar 29 03:47:00 +0000 2018,0.407,0.593,0.0,New police finding in Skripal poisoning case narrows the possibilities for how the victims were sickened https://t.co/8jQNusfhdi,91,@NYTimes
-0.6705,Thu Mar 29 03:32:03 +0000 2018,0.285,0.633,0.081,A top Morgan Stanley broker was repeatedly accused of violence against ex-wives and girlfriends. Bank managers were‚Ä¶ https://t.co/n5WfJMF3sA,92,@NYTimes
0.6597,Thu Mar 29 03:17:06 +0000 2018,0.0,0.735,0.265,Drones and computer vision have confirmed centuries-old Inuit wisdom that a few caribou lead a migration over treac‚Ä¶ https://t.co/DrVR3VdZiY,93,@NYTimes
0.0,Thu Mar 29 03:02:01 +0000 2018,0.0,1.0,0.0,Walmart customers looking to toss the latest issue of Cosmopolitan magazine into their shopping carts will have to‚Ä¶ https://t.co/oLMjDPeoTR,94,@NYTimes
0.0,Thu Mar 29 02:47:01 +0000 2018,0.0,1.0,0.0,The Second Avenue subway in NYC cost $2.5 billion per mile of track ‚Äî 5 times more than the international average.‚Ä¶ https://t.co/0u9sMZy5Bd,95,@NYTimes
0.0,Thu Mar 29 02:32:03 +0000 2018,0.0,1.0,0.0,"Water squirted from toy rubber ducks contains bacteria often associated with infections acquired in hospitals, a st‚Ä¶ https://t.co/wmNoGpHnmo",96,@NYTimes
-0.8834,Thu Mar 29 02:17:03 +0000 2018,0.34,0.66,0.0,"RT @nytimesworld: In a first, a South African woman was sent to prison for racist speech -- specifically, a slur that is offensive in her c‚Ä¶",97,@NYTimes
0.5563,Thu Mar 29 02:06:06 +0000 2018,0.0,0.796,0.204,"The reboot of ""Roseanne"" got off to an enormously strong start on Tuesday night https://t.co/AW9oKd48KP",98,@NYTimes
-0.296,Thu Mar 29 01:55:04 +0000 2018,0.216,0.784,0.0,"Ecuador cuts off Julian Assange‚Äôs internet access. Again.
https://t.co/5rRq2DTGdx",99,@NYTimes
